name,attr1,attr2,n
ARID3A,lalala,lalala,GRN
ATF1,lalala,lalala,GRN
ATF2,lalala,lalala,GRN
ATF3,lalala,lalala,GRN
BACH1,lalala,lalala,GRN
BATF,lalala,lalala,GRN
BCL11A,lalala,lalala,GRN
BCL3,lalala,lalala,GRN
BCLAF1,lalala,lalala,GRN
BDP1,lalala,lalala,GRN
BHLHE40,lalala,lalala,GRN
BRCA1,lalala,lalala,GRN
BRF1,lalala,lalala,GRN
BRF2,lalala,lalala,GRN
CBX2,lalala,lalala,GRN
CBX3,lalala,lalala,GRN
CBX8,lalala,lalala,GRN
CCNT2,lalala,lalala,GRN
CEBPB,lalala,lalala,GRN
CEBPD,lalala,lalala,GRN
CEBPZ,lalala,lalala,GRN
CHD1,lalala,lalala,GRN
CHD2,lalala,lalala,GRN
CHD4,lalala,lalala,GRN
CHD7,lalala,lalala,GRN
CREB1,lalala,lalala,GRN
CREBBP,lalala,lalala,GRN
CTCF,lalala,lalala,GRN
CUX1,lalala,lalala,GRN
E2F1,lalala,lalala,GRN
E2F4,lalala,lalala,GRN
E2F6,lalala,lalala,GRN
EBF1,lalala,lalala,GRN
EGR1,lalala,lalala,GRN
ELF1,lalala,lalala,GRN
ELK1,lalala,lalala,GRN
ELK4,lalala,lalala,GRN
EP300,lalala,lalala,GRN
ESRRA,lalala,lalala,GRN
ETS1,lalala,lalala,GRN
EZH2,lalala,lalala,GRN
FLI1,lalala,lalala,GRN
FOS,lalala,lalala,GRN
FOSL2,lalala,lalala,GRN
FOXM1,lalala,lalala,GRN
FOXP2,lalala,lalala,GRN
GABPA,lalala,lalala,GRN
GATA1,lalala,lalala,GRN
GATA2,lalala,lalala,GRN
GATA3,lalala,lalala,GRN
GTF2B,lalala,lalala,GRN
GTF2F1,lalala,lalala,GRN
GTF3C2,lalala,lalala,GRN
HDAC1,lalala,lalala,GRN
HDAC2,lalala,lalala,GRN
HDAC6,lalala,lalala,GRN
HMGN3,lalala,lalala,GRN
HSF1,lalala,lalala,GRN
IKZF1,lalala,lalala,GRN
IRF1,lalala,lalala,GRN
IRF4,lalala,lalala,GRN
JUN,lalala,lalala,GRN
JUND,lalala,lalala,GRN
KAT2A,lalala,lalala,GRN
KAT2B,lalala,lalala,GRN
KDM1A,lalala,lalala,GRN
KDM4A,lalala,lalala,GRN
KDM5A,lalala,lalala,GRN
KDM5B,lalala,lalala,GRN
MAFF,lalala,lalala,GRN
MAFK,lalala,lalala,GRN
MAX,lalala,lalala,GRN
MAZ,lalala,lalala,GRN
MBD4,lalala,lalala,GRN
MEF2A,lalala,lalala,GRN
MEF2C,lalala,lalala,GRN
MTA3,lalala,lalala,GRN
MYB,lalala,lalala,GRN
MYBL2,lalala,lalala,GRN
MYC,lalala,lalala,GRN
NCOR1,lalala,lalala,GRN
NFATC1,lalala,lalala,GRN
NFE2,lalala,lalala,GRN
NFIC,lalala,lalala,GRN
NFYA,lalala,lalala,GRN
NFYB,lalala,lalala,GRN
NR2C2,lalala,lalala,GRN
NR3C1,lalala,lalala,GRN
NRF1,lalala,lalala,GRN
PAX5,lalala,lalala,GRN
PBX3,lalala,lalala,GRN
PHF8,lalala,lalala,GRN
PML,lalala,lalala,GRN
POLR2A,lalala,lalala,GRN
POLR3A,lalala,lalala,GRN
POLR3G,lalala,lalala,GRN
POU2F2,lalala,lalala,GRN
POU5F1,lalala,lalala,GRN
PPARGC1A,lalala,lalala,GRN
PRDM1,lalala,lalala,GRN
RAD21,lalala,lalala,GRN
RBBP5,lalala,lalala,GRN
RCOR1,lalala,lalala,GRN
RELA,lalala,lalala,GRN
REST,lalala,lalala,GRN
RFX5,lalala,lalala,GRN
RNF2,lalala,lalala,GRN
RUNX3,lalala,lalala,GRN
RXRA,lalala,lalala,GRN
SAP30,lalala,lalala,GRN
SETDB1,lalala,lalala,GRN
SIN3A,lalala,lalala,GRN
SIRT6,lalala,lalala,GRN
SIX5,lalala,lalala,GRN
SMARCA4,lalala,lalala,GRN
SMARCB1,lalala,lalala,GRN
SMARCC1,lalala,lalala,GRN
SMARCC2,lalala,lalala,GRN
SMC3,lalala,lalala,GRN
SP1,lalala,lalala,GRN
SP2,lalala,lalala,GRN
SP4,lalala,lalala,GRN
SPI1,lalala,lalala,GRN
SREBF1,lalala,lalala,GRN
SREBF2,lalala,lalala,GRN
SRF,lalala,lalala,GRN
STAT1,lalala,lalala,GRN
STAT2,lalala,lalala,GRN
STAT3,lalala,lalala,GRN
STAT5A,lalala,lalala,GRN
SUZ12,lalala,lalala,GRN
TAF1,lalala,lalala,GRN
TAL1,lalala,lalala,GRN
TBL1XR1,lalala,lalala,GRN
TBP,lalala,lalala,GRN
TCF12,lalala,lalala,GRN
TCF3,lalala,lalala,GRN
TCF7L2,lalala,lalala,GRN
TEAD4,lalala,lalala,GRN
TFAP2A,lalala,lalala,GRN
THAP1,lalala,lalala,GRN
TRIM28,lalala,lalala,GRN
UBTF,lalala,lalala,GRN
USF1,lalala,lalala,GRN
USF2,lalala,lalala,GRN
WRNIP1,lalala,lalala,GRN
XRCC4,lalala,lalala,GRN
YY1,lalala,lalala,GRN
ZBTB33,lalala,lalala,GRN
ZBTB7A,lalala,lalala,GRN
ZEB1,lalala,lalala,GRN
ZKSCAN1,lalala,lalala,GRN
ZMIZ1,lalala,lalala,GRN
ZNF143,lalala,lalala,GRN
ZNF217,lalala,lalala,GRN
ZNF274,lalala,lalala,GRN
ZNF384,lalala,lalala,GRN
ZZZ3,lalala,lalala,GRN
SEPHS1,lalala,lalala,GRN
MFSD5,lalala,lalala,GRN
NAE1,lalala,lalala,GRN
PRC1,lalala,lalala,GRN
DOCK1,lalala,lalala,GRN
PHLDA2,lalala,lalala,GRN
ZNF607,lalala,lalala,GRN
PEX26,lalala,lalala,GRN
RNF43,lalala,lalala,GRN
ASTL,lalala,lalala,GRN
ASPN,lalala,lalala,GRN
ATIC,lalala,lalala,GRN
ATG3,lalala,lalala,GRN
ATE1,lalala,lalala,GRN
RSPH3,lalala,lalala,GRN
ARRB1,lalala,lalala,GRN
ASTE1,lalala,lalala,GRN
ASH1L,lalala,lalala,GRN
ASCC2,lalala,lalala,GRN
ASCL2,lalala,lalala,GRN
ATP2B4,lalala,lalala,GRN
ATG16L2,lalala,lalala,GRN
XYLT1,lalala,lalala,GRN
NUP85,lalala,lalala,GRN
ATAD3A,lalala,lalala,GRN
ATP6V1B1,lalala,lalala,GRN
ATP6V0A1,lalala,lalala,GRN
ASL,lalala,lalala,GRN
TBC1D17,lalala,lalala,GRN
ATP1B2,lalala,lalala,GRN
CST3,lalala,lalala,GRN
SFMBT2,lalala,lalala,GRN
ATG4A,lalala,lalala,GRN
CA1,lalala,lalala,GRN
SFPQ,lalala,lalala,GRN
PGM3,lalala,lalala,GRN
RBM15,lalala,lalala,GRN
AADAT,lalala,lalala,GRN
HIBADH,lalala,lalala,GRN
BIRC2,lalala,lalala,GRN
ATF6,lalala,lalala,GRN
ATF4,lalala,lalala,GRN
ASB8,lalala,lalala,GRN
HLA-A,lalala,lalala,GRN
TSNARE1,lalala,lalala,GRN
RTN4R,lalala,lalala,GRN
GPATCH2,lalala,lalala,GRN
ATF6B,lalala,lalala,GRN
BAD,lalala,lalala,GRN
PSMG2,lalala,lalala,GRN
DCAF7,lalala,lalala,GRN
MEX3C,lalala,lalala,GRN
MKRN1,lalala,lalala,GRN
BATF2,lalala,lalala,GRN
ATRX,lalala,lalala,GRN
ATP10A,lalala,lalala,GRN
EFTUD2,lalala,lalala,GRN
TRABD,lalala,lalala,GRN
FKBP14,lalala,lalala,GRN
ZNF84,lalala,lalala,GRN
ATXN7,lalala,lalala,GRN
TMEM161A,lalala,lalala,GRN
MTUS1,lalala,lalala,GRN
EVI5L,lalala,lalala,GRN
B3GNT8,lalala,lalala,GRN
GRB2,lalala,lalala,GRN
BCAS3,lalala,lalala,GRN
MAPK14,lalala,lalala,GRN
NUP54,lalala,lalala,GRN
PCDHGB2,lalala,lalala,GRN
SNHG8,lalala,lalala,GRN
PAPLN,lalala,lalala,GRN
APBB1IP,lalala,lalala,GRN
DAG1,lalala,lalala,GRN
FZD8,lalala,lalala,GRN
EHBP1L1,lalala,lalala,GRN
PRRC1,lalala,lalala,GRN
EIF4A2,lalala,lalala,GRN
XPOT,lalala,lalala,GRN
NSUN6,lalala,lalala,GRN
RYK,lalala,lalala,GRN
ZNF702P,lalala,lalala,GRN
PSMD2,lalala,lalala,GRN
FAM151B,lalala,lalala,GRN
LILRB4,lalala,lalala,GRN
ISG20L2,lalala,lalala,GRN
CCR4,lalala,lalala,GRN
SLC25A12,lalala,lalala,GRN
FTO,lalala,lalala,GRN
MPG,lalala,lalala,GRN
LAYN,lalala,lalala,GRN
NACA,lalala,lalala,GRN
TANC2,lalala,lalala,GRN
BLOC1S2,lalala,lalala,GRN
RASIP1,lalala,lalala,GRN
PIF1,lalala,lalala,GRN
RPPH1,lalala,lalala,GRN
ADCY3,lalala,lalala,GRN
FAM53C,lalala,lalala,GRN
ZNF91,lalala,lalala,GRN
ANP32E,lalala,lalala,GRN
PTPN2,lalala,lalala,GRN
BLOC1S1,lalala,lalala,GRN
KAZALD1,lalala,lalala,GRN
ZFP3,lalala,lalala,GRN
SPTA1,lalala,lalala,GRN
ARL1,lalala,lalala,GRN
ATG12,lalala,lalala,GRN
ZNF100,lalala,lalala,GRN
SLC43A3,lalala,lalala,GRN
C7orf61,lalala,lalala,GRN
PLCH1,lalala,lalala,GRN
DLG1,lalala,lalala,GRN
ADAMTSL5,lalala,lalala,GRN
MAP3K8,lalala,lalala,GRN
MAP3K6,lalala,lalala,GRN
TERF1,lalala,lalala,GRN
POP1,lalala,lalala,GRN
NUCB1,lalala,lalala,GRN
TMCO1,lalala,lalala,GRN
SNORD116-26,lalala,lalala,GRN
HAUS3,lalala,lalala,GRN
UTP20,lalala,lalala,GRN
CRHBP,lalala,lalala,GRN
UCP2,lalala,lalala,GRN
RLF,lalala,lalala,GRN
SUMO1,lalala,lalala,GRN
APBA3,lalala,lalala,GRN
ATAD5,lalala,lalala,GRN
FPR2,lalala,lalala,GRN
PKD2L1,lalala,lalala,GRN
FAM174B,lalala,lalala,GRN
DIS3L,lalala,lalala,GRN
PCMTD2,lalala,lalala,GRN
WBP2NL,lalala,lalala,GRN
TALDO1,lalala,lalala,GRN
KCNN4,lalala,lalala,GRN
ALAD,lalala,lalala,GRN
UNC5CL,lalala,lalala,GRN
GGTLC1,lalala,lalala,GRN
SCARNA3,lalala,lalala,GRN
TMUB1,lalala,lalala,GRN
GPN2,lalala,lalala,GRN
JDP2,lalala,lalala,GRN
PPBP,lalala,lalala,GRN
ZNF562,lalala,lalala,GRN
CCDC68,lalala,lalala,GRN
NPLOC4,lalala,lalala,GRN
SCAF1,lalala,lalala,GRN
ZFP37,lalala,lalala,GRN
NFE2L3,lalala,lalala,GRN
ANXA4,lalala,lalala,GRN
VPS28,lalala,lalala,GRN
SEH1L,lalala,lalala,GRN
PRR15L,lalala,lalala,GRN
EED,lalala,lalala,GRN
CCDC25,lalala,lalala,GRN
CBX7,lalala,lalala,GRN
PDE3B,lalala,lalala,GRN
GMIP,lalala,lalala,GRN
PIGX,lalala,lalala,GRN
DCTN3,lalala,lalala,GRN
SEPHS2,lalala,lalala,GRN
ZAR1,lalala,lalala,GRN
REV3L,lalala,lalala,GRN
CCR9,lalala,lalala,GRN
C6orf89,lalala,lalala,GRN
RBMX,lalala,lalala,GRN
VASN,lalala,lalala,GRN
TNS1,lalala,lalala,GRN
ULK3,lalala,lalala,GRN
NFATC3,lalala,lalala,GRN
GPR155,lalala,lalala,GRN
MMP8,lalala,lalala,GRN
PDHB,lalala,lalala,GRN
LILRB3,lalala,lalala,GRN
TACSTD2,lalala,lalala,GRN
NLRP12,lalala,lalala,GRN
ACSL1,lalala,lalala,GRN
CASP10,lalala,lalala,GRN
EEF1D,lalala,lalala,GRN
PPME1,lalala,lalala,GRN
PSMD7,lalala,lalala,GRN
STK11IP,lalala,lalala,GRN
CENPT,lalala,lalala,GRN
FYCO1,lalala,lalala,GRN
CLCN3,lalala,lalala,GRN
NDUFS5,lalala,lalala,GRN
PARP2,lalala,lalala,GRN
MED13L,lalala,lalala,GRN
ARL9,lalala,lalala,GRN
ACTR3B,lalala,lalala,GRN
RANBP6,lalala,lalala,GRN
PIP5K1P1,lalala,lalala,GRN
SCARNA16,lalala,lalala,GRN
GALC,lalala,lalala,GRN
PRH1,lalala,lalala,GRN
HCRTR1,lalala,lalala,GRN
SCARNA4,lalala,lalala,GRN
STRBP,lalala,lalala,GRN
HOXA7,lalala,lalala,GRN
HINFP,lalala,lalala,GRN
ZNRF2,lalala,lalala,GRN
ANXA2,lalala,lalala,GRN
EIF4ENIF1,lalala,lalala,GRN
RTN4RL2,lalala,lalala,GRN
FAIM,lalala,lalala,GRN
OCIAD2,lalala,lalala,GRN
ATP6V0C,lalala,lalala,GRN
PFKL,lalala,lalala,GRN
BET1L,lalala,lalala,GRN
SEZ6L2,lalala,lalala,GRN
PLBD1,lalala,lalala,GRN
CD2BP2,lalala,lalala,GRN
HSPA8,lalala,lalala,GRN
NNMT,lalala,lalala,GRN
KLHL29,lalala,lalala,GRN
CALD1,lalala,lalala,GRN
STAM,lalala,lalala,GRN
DSE,lalala,lalala,GRN
THBS1,lalala,lalala,GRN
VWA3A,lalala,lalala,GRN
GOLGA8B,lalala,lalala,GRN
PCDH1,lalala,lalala,GRN
GPR156,lalala,lalala,GRN
EPB41L3,lalala,lalala,GRN
GALE,lalala,lalala,GRN
RSAD2,lalala,lalala,GRN
FAM161A,lalala,lalala,GRN
ADAM32,lalala,lalala,GRN
HLA-DMB,lalala,lalala,GRN
TNNI2,lalala,lalala,GRN
TIMM17A,lalala,lalala,GRN
CPNE1,lalala,lalala,GRN
SNX22,lalala,lalala,GRN
RLIM,lalala,lalala,GRN
MYO1B,lalala,lalala,GRN
TPM1,lalala,lalala,GRN
TMEM42,lalala,lalala,GRN
AIRE,lalala,lalala,GRN
CASP1,lalala,lalala,GRN
DAZAP2,lalala,lalala,GRN
LIPT1,lalala,lalala,GRN
IFNG,lalala,lalala,GRN
HNRNPR,lalala,lalala,GRN
CAPZA2,lalala,lalala,GRN
FBXO21,lalala,lalala,GRN
DUSP19,lalala,lalala,GRN
DYRK4,lalala,lalala,GRN
NUF2,lalala,lalala,GRN
NPM1,lalala,lalala,GRN
SLC22A12,lalala,lalala,GRN
WDR24,lalala,lalala,GRN
HMGN5,lalala,lalala,GRN
SYT17,lalala,lalala,GRN
TMEM41B,lalala,lalala,GRN
ELMO3,lalala,lalala,GRN
NPDC1,lalala,lalala,GRN
CDK16,lalala,lalala,GRN
NCAPG2,lalala,lalala,GRN
TADA2A,lalala,lalala,GRN
USE1,lalala,lalala,GRN
KIAA1958,lalala,lalala,GRN
CDCA2,lalala,lalala,GRN
DNPEP,lalala,lalala,GRN
ABHD6,lalala,lalala,GRN
BEX5,lalala,lalala,GRN
MST1R,lalala,lalala,GRN
CTDSPL2,lalala,lalala,GRN
PSMD3,lalala,lalala,GRN
RTP4,lalala,lalala,GRN
NPHP4,lalala,lalala,GRN
OSBPL8,lalala,lalala,GRN
COMMD3,lalala,lalala,GRN
COMMD2,lalala,lalala,GRN
CXCR4,lalala,lalala,GRN
FGFR2,lalala,lalala,GRN
RTF1,lalala,lalala,GRN
UBE2H,lalala,lalala,GRN
RNF138P1,lalala,lalala,GRN
UAP1L1,lalala,lalala,GRN
SERHL2,lalala,lalala,GRN
CCDC17,lalala,lalala,GRN
APLP1,lalala,lalala,GRN
TUBB,lalala,lalala,GRN
TMEM87B,lalala,lalala,GRN
SMPDL3A,lalala,lalala,GRN
WNT2B,lalala,lalala,GRN
ABHD15,lalala,lalala,GRN
BPI,lalala,lalala,GRN
F2R,lalala,lalala,GRN
VPS39,lalala,lalala,GRN
TIGD5,lalala,lalala,GRN
TRPM6,lalala,lalala,GRN
PROZ,lalala,lalala,GRN
NICN1,lalala,lalala,GRN
AGR2,lalala,lalala,GRN
CROT,lalala,lalala,GRN
E2F5,lalala,lalala,GRN
DERL3,lalala,lalala,GRN
CBWD6,lalala,lalala,GRN
BCS1L,lalala,lalala,GRN
MSH2,lalala,lalala,GRN
SEC24B,lalala,lalala,GRN
SRP9,lalala,lalala,GRN
ZNF510,lalala,lalala,GRN
NDUFB2,lalala,lalala,GRN
ZNF107,lalala,lalala,GRN
CRIP3,lalala,lalala,GRN
IL23R,lalala,lalala,GRN
CXXC5,lalala,lalala,GRN
MS4A1,lalala,lalala,GRN
TNIP3,lalala,lalala,GRN
ADAM6,lalala,lalala,GRN
KHDRBS1,lalala,lalala,GRN
SS18L1,lalala,lalala,GRN
GPR21,lalala,lalala,GRN
GPR35,lalala,lalala,GRN
SNORA58,lalala,lalala,GRN
CD8B,lalala,lalala,GRN
CNTNAP2,lalala,lalala,GRN
PTPRK,lalala,lalala,GRN
ZNF529,lalala,lalala,GRN
KRR1,lalala,lalala,GRN
UQCR11,lalala,lalala,GRN
SGSM3,lalala,lalala,GRN
CCDC78,lalala,lalala,GRN
TRIO,lalala,lalala,GRN
TRMU,lalala,lalala,GRN
TP53I3,lalala,lalala,GRN
RREB1,lalala,lalala,GRN
CAMTA2,lalala,lalala,GRN
EGR2,lalala,lalala,GRN
ANTXR2,lalala,lalala,GRN
AP1G1,lalala,lalala,GRN
STARD10,lalala,lalala,GRN
FOXP1,lalala,lalala,GRN
C22orf15,lalala,lalala,GRN
ANGPTL4,lalala,lalala,GRN
IQCC,lalala,lalala,GRN
PLA2G4A,lalala,lalala,GRN
SNORD12,lalala,lalala,GRN
CHTF8,lalala,lalala,GRN
XIAP,lalala,lalala,GRN
ANKRD46,lalala,lalala,GRN
CSTB,lalala,lalala,GRN
LAX1,lalala,lalala,GRN
PNKP,lalala,lalala,GRN
KANK2,lalala,lalala,GRN
PRKRA,lalala,lalala,GRN
ADAMTS4,lalala,lalala,GRN
CALM2,lalala,lalala,GRN
ORAI2,lalala,lalala,GRN
D2HGDH,lalala,lalala,GRN
ZBTB46,lalala,lalala,GRN
ZNF506,lalala,lalala,GRN
APRT,lalala,lalala,GRN
AIM2,lalala,lalala,GRN
PALB2,lalala,lalala,GRN
CDKN1C,lalala,lalala,GRN
APBA1,lalala,lalala,GRN
NOD2,lalala,lalala,GRN
ARRB2,lalala,lalala,GRN
LILRB2,lalala,lalala,GRN
NSUN5P1,lalala,lalala,GRN
MATN1,lalala,lalala,GRN
ITGAM,lalala,lalala,GRN
ARL6IP4,lalala,lalala,GRN
DHRS4L2,lalala,lalala,GRN
FOXP3,lalala,lalala,GRN
SLC22A18,lalala,lalala,GRN
METTL2A,lalala,lalala,GRN
SPINK2,lalala,lalala,GRN
ROBO4,lalala,lalala,GRN
TBC1D22B,lalala,lalala,GRN
MRPS2,lalala,lalala,GRN
PGAP2,lalala,lalala,GRN
TP53I13,lalala,lalala,GRN
ZC3H14,lalala,lalala,GRN
PSMG3,lalala,lalala,GRN
MKRN3,lalala,lalala,GRN
SAR1A,lalala,lalala,GRN
PPP1R3G,lalala,lalala,GRN
CD5,lalala,lalala,GRN
ATL1,lalala,lalala,GRN
CD3G,lalala,lalala,GRN
ZNF41,lalala,lalala,GRN
HIF1A,lalala,lalala,GRN
GZMK,lalala,lalala,GRN
FCGBP,lalala,lalala,GRN
LSM1,lalala,lalala,GRN
NEFL,lalala,lalala,GRN
OAZ2,lalala,lalala,GRN
CD248,lalala,lalala,GRN
UTS2,lalala,lalala,GRN
TRIM65,lalala,lalala,GRN
CH25H,lalala,lalala,GRN
PARD6B,lalala,lalala,GRN
MAP3K5,lalala,lalala,GRN
FREM1,lalala,lalala,GRN
PIGB,lalala,lalala,GRN
ATP10D,lalala,lalala,GRN
POLR2K,lalala,lalala,GRN
FLNB,lalala,lalala,GRN
RNF19A,lalala,lalala,GRN
ANKZF1,lalala,lalala,GRN
RAB2A,lalala,lalala,GRN
SHISA5,lalala,lalala,GRN
B4GALT5,lalala,lalala,GRN
ZNF513,lalala,lalala,GRN
DCLRE1C,lalala,lalala,GRN
FNDC8,lalala,lalala,GRN
LAG3,lalala,lalala,GRN
MLLT1,lalala,lalala,GRN
PARN,lalala,lalala,GRN
DNTTIP2,lalala,lalala,GRN
FRY,lalala,lalala,GRN
LPL,lalala,lalala,GRN
ADARB1,lalala,lalala,GRN
SNORD89,lalala,lalala,GRN
SPINT2,lalala,lalala,GRN
CIR1,lalala,lalala,GRN
RAB40C,lalala,lalala,GRN
FPGS,lalala,lalala,GRN
FOSB,lalala,lalala,GRN
LRRC2,lalala,lalala,GRN
RCC1,lalala,lalala,GRN
SSNA1,lalala,lalala,GRN
UNKL,lalala,lalala,GRN
MYO18B,lalala,lalala,GRN
RUNDC1,lalala,lalala,GRN
FOXJ2,lalala,lalala,GRN
FOXJ1,lalala,lalala,GRN
AGPS,lalala,lalala,GRN
FOXO3B,lalala,lalala,GRN
BTBD8,lalala,lalala,GRN
GFRA2,lalala,lalala,GRN
GLRX5,lalala,lalala,GRN
RPL3,lalala,lalala,GRN
MCTP2,lalala,lalala,GRN
ZNF772,lalala,lalala,GRN
ZNF525,lalala,lalala,GRN
C8orf76,lalala,lalala,GRN
ENTPD6,lalala,lalala,GRN
FRMD3,lalala,lalala,GRN
SRBD1,lalala,lalala,GRN
PRR12,lalala,lalala,GRN
SNORD24,lalala,lalala,GRN
FZD7,lalala,lalala,GRN
SNORA49,lalala,lalala,GRN
TBRG1,lalala,lalala,GRN
ACADVL,lalala,lalala,GRN
TRAT1,lalala,lalala,GRN
TRPA1,lalala,lalala,GRN
LRP10,lalala,lalala,GRN
ST7,lalala,lalala,GRN
RTKN,lalala,lalala,GRN
TRIM11,lalala,lalala,GRN
NRXN3,lalala,lalala,GRN
CREM,lalala,lalala,GRN
CLNK,lalala,lalala,GRN
CA2,lalala,lalala,GRN
GP9,lalala,lalala,GRN
KEL,lalala,lalala,GRN
SFRP2,lalala,lalala,GRN
IFIT1B,lalala,lalala,GRN
SLC26A2,lalala,lalala,GRN
KLF13,lalala,lalala,GRN
TIMM44,lalala,lalala,GRN
GALNT5,lalala,lalala,GRN
SLC6A8,lalala,lalala,GRN
TMEM220,lalala,lalala,GRN
MYL4,lalala,lalala,GRN
PAQR9,lalala,lalala,GRN
CCDC91,lalala,lalala,GRN
WDFY3,lalala,lalala,GRN
PLEK2,lalala,lalala,GRN
PLVAP,lalala,lalala,GRN
PCMTD1,lalala,lalala,GRN
MBNL3,lalala,lalala,GRN
PAGE2B,lalala,lalala,GRN
ARHGAP42,lalala,lalala,GRN
FOLR2,lalala,lalala,GRN
FANCD2,lalala,lalala,GRN
GNAT2,lalala,lalala,GRN
GBP4,lalala,lalala,GRN
GSN,lalala,lalala,GRN
IDH3G,lalala,lalala,GRN
PDP2,lalala,lalala,GRN
PMCH,lalala,lalala,GRN
CCDC146,lalala,lalala,GRN
TNFRSF12A,lalala,lalala,GRN
PLXDC1,lalala,lalala,GRN
TRIB2,lalala,lalala,GRN
TSC22D2,lalala,lalala,GRN
HSP90B1,lalala,lalala,GRN
GATA6,lalala,lalala,GRN
CTLA4,lalala,lalala,GRN
SSBP3,lalala,lalala,GRN
C12orf29,lalala,lalala,GRN
KIAA1671,lalala,lalala,GRN
SERPINA1,lalala,lalala,GRN
HSPA7,lalala,lalala,GRN
BTLA,lalala,lalala,GRN
BTF3,lalala,lalala,GRN
PSMC5,lalala,lalala,GRN
EIF3I,lalala,lalala,GRN
SLC16A6,lalala,lalala,GRN
CCL4,lalala,lalala,GRN
CD3E,lalala,lalala,GRN
CD48,lalala,lalala,GRN
CD55,lalala,lalala,GRN
CENPK,lalala,lalala,GRN
IL6,lalala,lalala,GRN
TNF,lalala,lalala,GRN
LGR6,lalala,lalala,GRN
ABCC3,lalala,lalala,GRN
TKTL1,lalala,lalala,GRN
N4BP2,lalala,lalala,GRN
NEU4,lalala,lalala,GRN
MUSTN1,lalala,lalala,GRN
ZHX3,lalala,lalala,GRN
SMARCD1,lalala,lalala,GRN
AP1S3,lalala,lalala,GRN
KMO,lalala,lalala,GRN
GBA2,lalala,lalala,GRN
MGAT5,lalala,lalala,GRN
TDRD7,lalala,lalala,GRN
RILPL1,lalala,lalala,GRN
CYB5R1,lalala,lalala,GRN
FBXL4,lalala,lalala,GRN
ZNF232,lalala,lalala,GRN
RANGAP1,lalala,lalala,GRN
SGTB,lalala,lalala,GRN
CLEC10A,lalala,lalala,GRN
TAOK2,lalala,lalala,GRN
SCARNA8,lalala,lalala,GRN
SEC11C,lalala,lalala,GRN
ZP3,lalala,lalala,GRN
ACD,lalala,lalala,GRN
BAX,lalala,lalala,GRN
LNPEP,lalala,lalala,GRN
LRRC1,lalala,lalala,GRN
TUBA4A,lalala,lalala,GRN
POC5,lalala,lalala,GRN
SPATS2,lalala,lalala,GRN
NPAT,lalala,lalala,GRN
DEPDC1B,lalala,lalala,GRN
OR52K1,lalala,lalala,GRN
ANKS3,lalala,lalala,GRN
TMEM119,lalala,lalala,GRN
GMEB2,lalala,lalala,GRN
PRKCE,lalala,lalala,GRN
NAP1L4,lalala,lalala,GRN
CDKN2D,lalala,lalala,GRN
SCYL2,lalala,lalala,GRN
AGPAT3,lalala,lalala,GRN
CDC6,lalala,lalala,GRN
CPOX,lalala,lalala,GRN
OPRL1,lalala,lalala,GRN
CLDN5,lalala,lalala,GRN
RPGRIP1L,lalala,lalala,GRN
CLDN12,lalala,lalala,GRN
SBDSP1,lalala,lalala,GRN
HS3ST3B1,lalala,lalala,GRN
GJB6,lalala,lalala,GRN
HDAC10,lalala,lalala,GRN
CECR2,lalala,lalala,GRN
GALNT4,lalala,lalala,GRN
FAM186B,lalala,lalala,GRN
RPL5,lalala,lalala,GRN
TGM5,lalala,lalala,GRN
GLRX3,lalala,lalala,GRN
MAT2A,lalala,lalala,GRN
TAF11,lalala,lalala,GRN
DLGAP4,lalala,lalala,GRN
FSTL3,lalala,lalala,GRN
CDC7,lalala,lalala,GRN
KLRB1,lalala,lalala,GRN
HDDC3,lalala,lalala,GRN
ZNF420,lalala,lalala,GRN
ALOX5,lalala,lalala,GRN
LY6G6F,lalala,lalala,GRN
KSR1,lalala,lalala,GRN
C21orf91,lalala,lalala,GRN
MLH1,lalala,lalala,GRN
TCF20,lalala,lalala,GRN
THOC6,lalala,lalala,GRN
UBL7,lalala,lalala,GRN
CDC25C,lalala,lalala,GRN
SLC12A7,lalala,lalala,GRN
KBTBD3,lalala,lalala,GRN
CACNA2D2,lalala,lalala,GRN
MYBPC3,lalala,lalala,GRN
TXLNA,lalala,lalala,GRN
CD68,lalala,lalala,GRN
ZNF391,lalala,lalala,GRN
DGKK,lalala,lalala,GRN
RGS18,lalala,lalala,GRN
ZFP36L1,lalala,lalala,GRN
SHANK3,lalala,lalala,GRN
SMAD7,lalala,lalala,GRN
RNF157,lalala,lalala,GRN
RNF135,lalala,lalala,GRN
MYO3B,lalala,lalala,GRN
RUNDC3A,lalala,lalala,GRN
YIPF4,lalala,lalala,GRN
PGAM2,lalala,lalala,GRN
ARL4C,lalala,lalala,GRN
PROM1,lalala,lalala,GRN
PPP1R8,lalala,lalala,GRN
SLC24A3,lalala,lalala,GRN
DHX37,lalala,lalala,GRN
NUAK1,lalala,lalala,GRN
CX3CR1,lalala,lalala,GRN
JAM2,lalala,lalala,GRN
TUBE1,lalala,lalala,GRN
GABARAPL1,lalala,lalala,GRN
ALKBH4,lalala,lalala,GRN
UFM1,lalala,lalala,GRN
ZNF496,lalala,lalala,GRN
PSRC1,lalala,lalala,GRN
ZDHHC3,lalala,lalala,GRN
PXN,lalala,lalala,GRN
ZDHHC16,lalala,lalala,GRN
THG1L,lalala,lalala,GRN
CYBRD1,lalala,lalala,GRN
TADA1,lalala,lalala,GRN
PBX1,lalala,lalala,GRN
SNORD116-13,lalala,lalala,GRN
DCAF10,lalala,lalala,GRN
CRELD2,lalala,lalala,GRN
KCNH4,lalala,lalala,GRN
ABHD11,lalala,lalala,GRN
ZNF845,lalala,lalala,GRN
PHIP,lalala,lalala,GRN
ZNF12,lalala,lalala,GRN
SMG6,lalala,lalala,GRN
TRIM8,lalala,lalala,GRN
RNFT2,lalala,lalala,GRN
STK16,lalala,lalala,GRN
ITIH4,lalala,lalala,GRN
SNORD45C,lalala,lalala,GRN
TAF13,lalala,lalala,GRN
LCK,lalala,lalala,GRN
NPTXR,lalala,lalala,GRN
FCN2,lalala,lalala,GRN
FBN2,lalala,lalala,GRN
HBG2,lalala,lalala,GRN
LDB3,lalala,lalala,GRN
GRID2IP,lalala,lalala,GRN
PPP1CB,lalala,lalala,GRN
ZNF629,lalala,lalala,GRN
KDM1B,lalala,lalala,GRN
KIAA0895,lalala,lalala,GRN
SP100,lalala,lalala,GRN
MYO1C,lalala,lalala,GRN
KRBA1,lalala,lalala,GRN
SPCS2,lalala,lalala,GRN
SUSD3,lalala,lalala,GRN
TNFRSF10D,lalala,lalala,GRN
PLIN1,lalala,lalala,GRN
PITPNM2,lalala,lalala,GRN
UBFD1,lalala,lalala,GRN
ARSA,lalala,lalala,GRN
ALPP,lalala,lalala,GRN
MAP3K14,lalala,lalala,GRN
RALA,lalala,lalala,GRN
MAMSTR,lalala,lalala,GRN
AK1,lalala,lalala,GRN
MTX2,lalala,lalala,GRN
LSM4,lalala,lalala,GRN
ZNF662,lalala,lalala,GRN
FOSL1,lalala,lalala,GRN
DNAH3,lalala,lalala,GRN
PIK3AP1,lalala,lalala,GRN
MMP23A,lalala,lalala,GRN
CLGN,lalala,lalala,GRN
STAG3L3,lalala,lalala,GRN
MRPL13,lalala,lalala,GRN
GFI1,lalala,lalala,GRN
BCL2L12,lalala,lalala,GRN
MAP9,lalala,lalala,GRN
UBQLN2,lalala,lalala,GRN
OPTN,lalala,lalala,GRN
RPA3,lalala,lalala,GRN
KDM4D,lalala,lalala,GRN
KEAP1,lalala,lalala,GRN
TMPRSS6,lalala,lalala,GRN
KIAA1549,lalala,lalala,GRN
CAPS,lalala,lalala,GRN
ENC1,lalala,lalala,GRN
MBD5,lalala,lalala,GRN
OSGEPL1,lalala,lalala,GRN
OMP,lalala,lalala,GRN
S100A8,lalala,lalala,GRN
TUBA3D,lalala,lalala,GRN
EIF4A3,lalala,lalala,GRN
KCTD9,lalala,lalala,GRN
RASAL2,lalala,lalala,GRN
FAM76A,lalala,lalala,GRN
NAALADL1,lalala,lalala,GRN
GPC1,lalala,lalala,GRN
HLTF,lalala,lalala,GRN
COL5A3,lalala,lalala,GRN
TMBIM6,lalala,lalala,GRN
PEX7,lalala,lalala,GRN
DOK3,lalala,lalala,GRN
TRNAU1AP,lalala,lalala,GRN
LRRC19,lalala,lalala,GRN
MSRA,lalala,lalala,GRN
SNCA,lalala,lalala,GRN
ZBTB17,lalala,lalala,GRN
PLEKHG4,lalala,lalala,GRN
ZNF276,lalala,lalala,GRN
TBC1D24,lalala,lalala,GRN
TMEM185A,lalala,lalala,GRN
OLFML2B,lalala,lalala,GRN
ST6GALNAC2,lalala,lalala,GRN
PGAP1,lalala,lalala,GRN
SNORD67,lalala,lalala,GRN
SAFB,lalala,lalala,GRN
SEC13,lalala,lalala,GRN
TAP1,lalala,lalala,GRN
ABCG1,lalala,lalala,GRN
PAQR7,lalala,lalala,GRN
RSPRY1,lalala,lalala,GRN
ADAMDEC1,lalala,lalala,GRN
RFC5,lalala,lalala,GRN
YEATS2,lalala,lalala,GRN
ADRB1,lalala,lalala,GRN
TMEM176A,lalala,lalala,GRN
UTP14C,lalala,lalala,GRN
RNU6ATAC,lalala,lalala,GRN
OXCT2,lalala,lalala,GRN
HS1BP3,lalala,lalala,GRN
PPP1R14A,lalala,lalala,GRN
DPEP3,lalala,lalala,GRN
TCEAL3,lalala,lalala,GRN
XPNPEP3,lalala,lalala,GRN
HECTD1,lalala,lalala,GRN
NAPSB,lalala,lalala,GRN
ODF3L1,lalala,lalala,GRN
SPTAN1,lalala,lalala,GRN
MED12L,lalala,lalala,GRN
C11orf45,lalala,lalala,GRN
RBM14,lalala,lalala,GRN
THRB,lalala,lalala,GRN
WNK2,lalala,lalala,GRN
WFS1,lalala,lalala,GRN
ITGB5,lalala,lalala,GRN
KCNA3,lalala,lalala,GRN
TMEM201,lalala,lalala,GRN
PTGDR,lalala,lalala,GRN
CD247,lalala,lalala,GRN
PTPN11,lalala,lalala,GRN
CDK13,lalala,lalala,GRN
LRRC61,lalala,lalala,GRN
KIF7,lalala,lalala,GRN
TNFSF12,lalala,lalala,GRN
RCSD1,lalala,lalala,GRN
CKS1B,lalala,lalala,GRN
PCSK7,lalala,lalala,GRN
ZNF831,lalala,lalala,GRN
XKRX,lalala,lalala,GRN
FARS2,lalala,lalala,GRN
NELL2,lalala,lalala,GRN
GOLT1B,lalala,lalala,GRN
CUEDC1,lalala,lalala,GRN
AMPD1,lalala,lalala,GRN
CCDC82,lalala,lalala,GRN
DDT,lalala,lalala,GRN
ADAMTS3,lalala,lalala,GRN
SHH,lalala,lalala,GRN
BAIAP2L1,lalala,lalala,GRN
NEURL4,lalala,lalala,GRN
NCLN,lalala,lalala,GRN
KIF3A,lalala,lalala,GRN
SDC4,lalala,lalala,GRN
MYEOV,lalala,lalala,GRN
NDUFV3,lalala,lalala,GRN
ZNF627,lalala,lalala,GRN
ZNF446,lalala,lalala,GRN
TOMM22,lalala,lalala,GRN
ETV6,lalala,lalala,GRN
GAPT,lalala,lalala,GRN
ZNF765,lalala,lalala,GRN
ARMCX5,lalala,lalala,GRN
ITGAE,lalala,lalala,GRN
SDS,lalala,lalala,GRN
RNF38,lalala,lalala,GRN
ASIP,lalala,lalala,GRN
DPM3,lalala,lalala,GRN
ACOT8,lalala,lalala,GRN
TNFRSF25,lalala,lalala,GRN
SEMA4C,lalala,lalala,GRN
TMEM8B,lalala,lalala,GRN
CMKLR1,lalala,lalala,GRN
CD2,lalala,lalala,GRN
GLOD4,lalala,lalala,GRN
ASB3,lalala,lalala,GRN
FHOD1,lalala,lalala,GRN
UBE2D4,lalala,lalala,GRN
SENP3,lalala,lalala,GRN
SYT11,lalala,lalala,GRN
SLC22A23,lalala,lalala,GRN
SNORD36B,lalala,lalala,GRN
CCNA2,lalala,lalala,GRN
MAL,lalala,lalala,GRN
ZC3H12B,lalala,lalala,GRN
TIMELESS,lalala,lalala,GRN
TUBGCP4,lalala,lalala,GRN
NUDT2,lalala,lalala,GRN
VPS33A,lalala,lalala,GRN
SLAIN2,lalala,lalala,GRN
YTHDF3,lalala,lalala,GRN
RHBDL1,lalala,lalala,GRN
NUB1,lalala,lalala,GRN
NMI,lalala,lalala,GRN
HK2,lalala,lalala,GRN
BIK,lalala,lalala,GRN
NR3C2,lalala,lalala,GRN
RNASET2,lalala,lalala,GRN
THTPA,lalala,lalala,GRN
ABHD3,lalala,lalala,GRN
CDYL,lalala,lalala,GRN
ECT2,lalala,lalala,GRN
NRP2,lalala,lalala,GRN
RPRD1B,lalala,lalala,GRN
TAF5,lalala,lalala,GRN
LHFPL2,lalala,lalala,GRN
KCNQ1,lalala,lalala,GRN
NRADDP,lalala,lalala,GRN
NR4A3,lalala,lalala,GRN
RAPGEF4,lalala,lalala,GRN
SFRP4,lalala,lalala,GRN
PAN3,lalala,lalala,GRN
CCDC34,lalala,lalala,GRN
BCO2,lalala,lalala,GRN
ADAM15,lalala,lalala,GRN
DBT,lalala,lalala,GRN
MRPS11,lalala,lalala,GRN
VNN1,lalala,lalala,GRN
STARD3,lalala,lalala,GRN
NFXL1,lalala,lalala,GRN
DENND2D,lalala,lalala,GRN
CKAP5,lalala,lalala,GRN
ADAP1,lalala,lalala,GRN
MYO1H,lalala,lalala,GRN
PBX2,lalala,lalala,GRN
PAOX,lalala,lalala,GRN
SSH2,lalala,lalala,GRN
TSPAN3,lalala,lalala,GRN
TIMM8A,lalala,lalala,GRN
PGBD2,lalala,lalala,GRN
ELL,lalala,lalala,GRN
IL15,lalala,lalala,GRN
IRS2,lalala,lalala,GRN
MMP19,lalala,lalala,GRN
SGSM1,lalala,lalala,GRN
TAB2,lalala,lalala,GRN
NSD1,lalala,lalala,GRN
GEMIN8,lalala,lalala,GRN
SNORA5C,lalala,lalala,GRN
IL1R1,lalala,lalala,GRN
BST1,lalala,lalala,GRN
CNN2,lalala,lalala,GRN
COG8,lalala,lalala,GRN
COIL,lalala,lalala,GRN
TMEM132A,lalala,lalala,GRN
COG3,lalala,lalala,GRN
BRD1,lalala,lalala,GRN
CHMP4A,lalala,lalala,GRN
GAS1,lalala,lalala,GRN
FLOT1,lalala,lalala,GRN
CISD3,lalala,lalala,GRN
HKDC1,lalala,lalala,GRN
CARNS1,lalala,lalala,GRN
POLR3K,lalala,lalala,GRN
DGKA,lalala,lalala,GRN
FNBP4,lalala,lalala,GRN
RBM15B,lalala,lalala,GRN
ABCD2,lalala,lalala,GRN
SNRPB2,lalala,lalala,GRN
NKX6-2,lalala,lalala,GRN
CHN2,lalala,lalala,GRN
ANKRD10,lalala,lalala,GRN
LYRM2,lalala,lalala,GRN
STRN3,lalala,lalala,GRN
B3GALT2,lalala,lalala,GRN
ITGAL,lalala,lalala,GRN
WIPI1,lalala,lalala,GRN
CASP2,lalala,lalala,GRN
SLC12A9,lalala,lalala,GRN
DDX58,lalala,lalala,GRN
ZNF133,lalala,lalala,GRN
RAB3IP,lalala,lalala,GRN
CENPM,lalala,lalala,GRN
HSPA12B,lalala,lalala,GRN
TNFRSF21,lalala,lalala,GRN
RPP25,lalala,lalala,GRN
THUMPD1,lalala,lalala,GRN
NSMCE1,lalala,lalala,GRN
GGT7,lalala,lalala,GRN
EREG,lalala,lalala,GRN
MSLN,lalala,lalala,GRN
LMO2,lalala,lalala,GRN
HSPA4L,lalala,lalala,GRN
PCDHGB4,lalala,lalala,GRN
NFKBIL1,lalala,lalala,GRN
SGSH,lalala,lalala,GRN
DDX11L2,lalala,lalala,GRN
KIR2DS1,lalala,lalala,GRN
GPRIN3,lalala,lalala,GRN
AGPAT5,lalala,lalala,GRN
HERC6,lalala,lalala,GRN
PCDHGC5,lalala,lalala,GRN
DNAJC5B,lalala,lalala,GRN
LZTS2,lalala,lalala,GRN
ASCL3,lalala,lalala,GRN
LCP1,lalala,lalala,GRN
SYCP2,lalala,lalala,GRN
NKTR,lalala,lalala,GRN
LSP1,lalala,lalala,GRN
HCLS1,lalala,lalala,GRN
RB1CC1,lalala,lalala,GRN
UNC13B,lalala,lalala,GRN
LEPROTL1,lalala,lalala,GRN
AKT1,lalala,lalala,GRN
TRIM24,lalala,lalala,GRN
TFAP4,lalala,lalala,GRN
RAB27A,lalala,lalala,GRN
RAD23A,lalala,lalala,GRN
RAD51C,lalala,lalala,GRN
RASA2,lalala,lalala,GRN
RAD18,lalala,lalala,GRN
RAD50,lalala,lalala,GRN
RAP2C,lalala,lalala,GRN
RABAC1,lalala,lalala,GRN
SLC25A45,lalala,lalala,GRN
TRIM16L,lalala,lalala,GRN
RAD54L2,lalala,lalala,GRN
RAD1,lalala,lalala,GRN
ZFYVE19,lalala,lalala,GRN
RAVER2,lalala,lalala,GRN
NDUFC1,lalala,lalala,GRN
SLC7A8,lalala,lalala,GRN
CD69,lalala,lalala,GRN
CHMP5,lalala,lalala,GRN
ABCA4,lalala,lalala,GRN
EZH1,lalala,lalala,GRN
PPOX,lalala,lalala,GRN
RARB,lalala,lalala,GRN
RNPEP,lalala,lalala,GRN
LIMD1,lalala,lalala,GRN
CDK4,lalala,lalala,GRN
HLA-DQA1,lalala,lalala,GRN
LRRC29,lalala,lalala,GRN
NUP160,lalala,lalala,GRN
RGPD1,lalala,lalala,GRN
RBM6,lalala,lalala,GRN
IMMT,lalala,lalala,GRN
NDUFA11,lalala,lalala,GRN
TMEM87A,lalala,lalala,GRN
RBBP9,lalala,lalala,GRN
RBM44,lalala,lalala,GRN
RBM25,lalala,lalala,GRN
RBMX2,lalala,lalala,GRN
RAD51,lalala,lalala,GRN
RDH10,lalala,lalala,GRN
RCOR3,lalala,lalala,GRN
DOC2A,lalala,lalala,GRN
POLR2B,lalala,lalala,GRN
RIN3,lalala,lalala,GRN
RHOBTB3,lalala,lalala,GRN
SERPINB1,lalala,lalala,GRN
WDR35,lalala,lalala,GRN
PRMT6,lalala,lalala,GRN
C11orf49,lalala,lalala,GRN
VPS35,lalala,lalala,GRN
RBM41,lalala,lalala,GRN
RDH11,lalala,lalala,GRN
ZC3H3,lalala,lalala,GRN
ADD2,lalala,lalala,GRN
KCNJ13,lalala,lalala,GRN
ZNF503,lalala,lalala,GRN
VCAM1,lalala,lalala,GRN
EIF4G3,lalala,lalala,GRN
SEC23A,lalala,lalala,GRN
HES6,lalala,lalala,GRN
TIMM8B,lalala,lalala,GRN
NOL7,lalala,lalala,GRN
NPFF,lalala,lalala,GRN
NPC1L1,lalala,lalala,GRN
RNF5,lalala,lalala,GRN
EPB41L1,lalala,lalala,GRN
PIGY,lalala,lalala,GRN
RGS3,lalala,lalala,GRN
DGCR8,lalala,lalala,GRN
FAM166B,lalala,lalala,GRN
KCNK6,lalala,lalala,GRN
FAM111B,lalala,lalala,GRN
DNAL4,lalala,lalala,GRN
COMT,lalala,lalala,GRN
DND1,lalala,lalala,GRN
RIPK3,lalala,lalala,GRN
IFT27,lalala,lalala,GRN
TOR1AIP1,lalala,lalala,GRN
CYLD,lalala,lalala,GRN
MTAP,lalala,lalala,GRN
L3MBTL4,lalala,lalala,GRN
SKP1,lalala,lalala,GRN
FOXP4,lalala,lalala,GRN
SGIP1,lalala,lalala,GRN
NLK,lalala,lalala,GRN
KIAA2013,lalala,lalala,GRN
TJP2,lalala,lalala,GRN
POMGNT1,lalala,lalala,GRN
KCTD17,lalala,lalala,GRN
PABPC1L,lalala,lalala,GRN
DNAJC21,lalala,lalala,GRN
PUM2,lalala,lalala,GRN
ARNT,lalala,lalala,GRN
HDHD3,lalala,lalala,GRN
EIF4G1,lalala,lalala,GRN
TTC23L,lalala,lalala,GRN
TYK2,lalala,lalala,GRN
MARK4,lalala,lalala,GRN
MORF4L2,lalala,lalala,GRN
PTTG2,lalala,lalala,GRN
FOXN3,lalala,lalala,GRN
ZBTB24,lalala,lalala,GRN
MST1,lalala,lalala,GRN
UBE2L6,lalala,lalala,GRN
UBE2B,lalala,lalala,GRN
PIK3C2B,lalala,lalala,GRN
SAC3D1,lalala,lalala,GRN
ZFYVE27,lalala,lalala,GRN
SIGLEC8,lalala,lalala,GRN
AAK1,lalala,lalala,GRN
ZC3H18,lalala,lalala,GRN
NDUFS6,lalala,lalala,GRN
MRPL2,lalala,lalala,GRN
SCARB1,lalala,lalala,GRN
TP53I11,lalala,lalala,GRN
SLC26A11,lalala,lalala,GRN
HOXA1,lalala,lalala,GRN
MEAF6,lalala,lalala,GRN
CDC42,lalala,lalala,GRN
ANKRD36BP1,lalala,lalala,GRN
ABCC10,lalala,lalala,GRN
SOX12,lalala,lalala,GRN
OSBPL3,lalala,lalala,GRN
PDCD2,lalala,lalala,GRN
ZNF704,lalala,lalala,GRN
DQX1,lalala,lalala,GRN
CA8,lalala,lalala,GRN
REC8,lalala,lalala,GRN
ARHGAP10,lalala,lalala,GRN
COX7B,lalala,lalala,GRN
FBXO7,lalala,lalala,GRN
SLFN11,lalala,lalala,GRN
ACVR1B,lalala,lalala,GRN
DYM,lalala,lalala,GRN
RPAP1,lalala,lalala,GRN
AMY2A,lalala,lalala,GRN
MAP7D3,lalala,lalala,GRN
RBP2,lalala,lalala,GRN
CYP4F3,lalala,lalala,GRN
POLRMT,lalala,lalala,GRN
TCP11L2,lalala,lalala,GRN
ALDOB,lalala,lalala,GRN
FZD3,lalala,lalala,GRN
SMCR8,lalala,lalala,GRN
VPREB3,lalala,lalala,GRN
KLF5,lalala,lalala,GRN
SLC25A24,lalala,lalala,GRN
SUPT6H,lalala,lalala,GRN
SNORA37,lalala,lalala,GRN
CYB5D2,lalala,lalala,GRN
MXRA7,lalala,lalala,GRN
ANKRD34A,lalala,lalala,GRN
CSK,lalala,lalala,GRN
CSGALNACT2,lalala,lalala,GRN
SNF8,lalala,lalala,GRN
SERPINC1,lalala,lalala,GRN
PRMT5,lalala,lalala,GRN
SPRED2,lalala,lalala,GRN
SP140L,lalala,lalala,GRN
ARGFXP2,lalala,lalala,GRN
OTUD4,lalala,lalala,GRN
SP3,lalala,lalala,GRN
NUTF2,lalala,lalala,GRN
SPAG1,lalala,lalala,GRN
SPAG9,lalala,lalala,GRN
SPAG4,lalala,lalala,GRN
SP110,lalala,lalala,GRN
SNRPC,lalala,lalala,GRN
PLEKHA8,lalala,lalala,GRN
SP140,lalala,lalala,GRN
SPPL2A,lalala,lalala,GRN
ZNF189,lalala,lalala,GRN
RPS18,lalala,lalala,GRN
SOX4,lalala,lalala,GRN
SFN,lalala,lalala,GRN
SSR1,lalala,lalala,GRN
ATOX1,lalala,lalala,GRN
CXorf65,lalala,lalala,GRN
SPAG17,lalala,lalala,GRN
NAF1,lalala,lalala,GRN
LGALS3,lalala,lalala,GRN
CTNNB1,lalala,lalala,GRN
SEC14L1,lalala,lalala,GRN
LRRC41,lalala,lalala,GRN
IPO11,lalala,lalala,GRN
MSN,lalala,lalala,GRN
MVD,lalala,lalala,GRN
MCRS1,lalala,lalala,GRN
PSMF1,lalala,lalala,GRN
ZNF416,lalala,lalala,GRN
PLA2G6,lalala,lalala,GRN
TIAL1,lalala,lalala,GRN
EMX1,lalala,lalala,GRN
GYG2,lalala,lalala,GRN
HEXB,lalala,lalala,GRN
ZNF407,lalala,lalala,GRN
XRCC2,lalala,lalala,GRN
NLRP6,lalala,lalala,GRN
KATNAL2,lalala,lalala,GRN
LTK,lalala,lalala,GRN
DNAJC16,lalala,lalala,GRN
HMGB1,lalala,lalala,GRN
APBB3,lalala,lalala,GRN
PIPSL,lalala,lalala,GRN
SLA2,lalala,lalala,GRN
PPM1L,lalala,lalala,GRN
TAF5L,lalala,lalala,GRN
CDC23,lalala,lalala,GRN
RAB36,lalala,lalala,GRN
ABCB7,lalala,lalala,GRN
MS4A7,lalala,lalala,GRN
SLC35E1,lalala,lalala,GRN
SLC44A3,lalala,lalala,GRN
PDK2,lalala,lalala,GRN
GJC2,lalala,lalala,GRN
TMED5,lalala,lalala,GRN
CLDN15,lalala,lalala,GRN
SPEG,lalala,lalala,GRN
SPATA24,lalala,lalala,GRN
MAP1A,lalala,lalala,GRN
CAPNS2,lalala,lalala,GRN
ERAL1,lalala,lalala,GRN
IL32,lalala,lalala,GRN
SLC39A11,lalala,lalala,GRN
KYNU,lalala,lalala,GRN
SSX2IP,lalala,lalala,GRN
RPL21,lalala,lalala,GRN
SSR2,lalala,lalala,GRN
BCL11B,lalala,lalala,GRN
PSMA2,lalala,lalala,GRN
STARD7,lalala,lalala,GRN
ADRM1,lalala,lalala,GRN
C1RL,lalala,lalala,GRN
SUSD5,lalala,lalala,GRN
CCNK,lalala,lalala,GRN
GPR87,lalala,lalala,GRN
STARD8,lalala,lalala,GRN
DNAJC7,lalala,lalala,GRN
ZMYM5,lalala,lalala,GRN
PROCA1,lalala,lalala,GRN
EI24,lalala,lalala,GRN
SPON1,lalala,lalala,GRN
PRPF40B,lalala,lalala,GRN
NAA40,lalala,lalala,GRN
OTOA,lalala,lalala,GRN
MRPS9,lalala,lalala,GRN
SPIRE1,lalala,lalala,GRN
TTC31,lalala,lalala,GRN
GALNT10,lalala,lalala,GRN
TTC30A,lalala,lalala,GRN
SNORD65,lalala,lalala,GRN
CACNB2,lalala,lalala,GRN
CCDC149,lalala,lalala,GRN
GPNMB,lalala,lalala,GRN
PRODH,lalala,lalala,GRN
ANO9,lalala,lalala,GRN
SCRN3,lalala,lalala,GRN
FCN1,lalala,lalala,GRN
FAM110B,lalala,lalala,GRN
ACTR2,lalala,lalala,GRN
SNTG2,lalala,lalala,GRN
GLYCTK,lalala,lalala,GRN
PKP4,lalala,lalala,GRN
SCD5,lalala,lalala,GRN
ANAPC2,lalala,lalala,GRN
FDXR,lalala,lalala,GRN
ANGEL2,lalala,lalala,GRN
CYP21A2,lalala,lalala,GRN
TAF1L,lalala,lalala,GRN
BEX2,lalala,lalala,GRN
RPS10P7,lalala,lalala,GRN
RPS27,lalala,lalala,GRN
SHISA7,lalala,lalala,GRN
ZBED4,lalala,lalala,GRN
EPS8L2,lalala,lalala,GRN
TRIM10,lalala,lalala,GRN
ACHE,lalala,lalala,GRN
CDH3,lalala,lalala,GRN
SPATA5L1,lalala,lalala,GRN
GLRB,lalala,lalala,GRN
MYNN,lalala,lalala,GRN
PSMA4,lalala,lalala,GRN
NUDT18,lalala,lalala,GRN
XK,lalala,lalala,GRN
XPO7,lalala,lalala,GRN
CDAN1,lalala,lalala,GRN
P4HTM,lalala,lalala,GRN
DPY30,lalala,lalala,GRN
DCP2,lalala,lalala,GRN
METTL13,lalala,lalala,GRN
TOX4,lalala,lalala,GRN
COPS6,lalala,lalala,GRN
ZNF680,lalala,lalala,GRN
SRPK1,lalala,lalala,GRN
POLR2F,lalala,lalala,GRN
RPL7A,lalala,lalala,GRN
NUDT13,lalala,lalala,GRN
COBLL1,lalala,lalala,GRN
ZNF280D,lalala,lalala,GRN
TRAK1,lalala,lalala,GRN
TMPO,lalala,lalala,GRN
SRCAP,lalala,lalala,GRN
APOBEC3B,lalala,lalala,GRN
LRRC3,lalala,lalala,GRN
TNFSF9,lalala,lalala,GRN
IL2RB,lalala,lalala,GRN
ANKS6,lalala,lalala,GRN
FAM107B,lalala,lalala,GRN
CD46,lalala,lalala,GRN
ZBTB26,lalala,lalala,GRN
INPP5E,lalala,lalala,GRN
LAGE3,lalala,lalala,GRN
XRCC1,lalala,lalala,GRN
PNP,lalala,lalala,GRN
LCORL,lalala,lalala,GRN
CXCR2P1,lalala,lalala,GRN
RALGAPA1,lalala,lalala,GRN
ZNF644,lalala,lalala,GRN
ARL2BP,lalala,lalala,GRN
RXFP4,lalala,lalala,GRN
FILIP1,lalala,lalala,GRN
COPS2,lalala,lalala,GRN
SNORA13,lalala,lalala,GRN
CFL2,lalala,lalala,GRN
GRM2,lalala,lalala,GRN
ABCB10,lalala,lalala,GRN
AQP11,lalala,lalala,GRN
EIF3B,lalala,lalala,GRN
MFSD2B,lalala,lalala,GRN
KANK1,lalala,lalala,GRN
KCMF1,lalala,lalala,GRN
MKS1,lalala,lalala,GRN
SNORD71,lalala,lalala,GRN
PAQR4,lalala,lalala,GRN
TRIM26,lalala,lalala,GRN
MYO5B,lalala,lalala,GRN
CSF3R,lalala,lalala,GRN
LPO,lalala,lalala,GRN
ADM,lalala,lalala,GRN
BCL2L15,lalala,lalala,GRN
ERN1,lalala,lalala,GRN
UBTD2,lalala,lalala,GRN
UBXN4,lalala,lalala,GRN
UHRF2,lalala,lalala,GRN
MKNK1,lalala,lalala,GRN
RGS1,lalala,lalala,GRN
SLC37A2,lalala,lalala,GRN
EXOSC9,lalala,lalala,GRN
CNOT2,lalala,lalala,GRN
COPS5,lalala,lalala,GRN
TFCP2L1,lalala,lalala,GRN
SPCS1,lalala,lalala,GRN
STX3,lalala,lalala,GRN
UPF2,lalala,lalala,GRN
URM1,lalala,lalala,GRN
UROD,lalala,lalala,GRN
UROS,lalala,lalala,GRN
UPF3B,lalala,lalala,GRN
UPF3A,lalala,lalala,GRN
UPK1B,lalala,lalala,GRN
SERPINF1,lalala,lalala,GRN
USP48,lalala,lalala,GRN
USP16,lalala,lalala,GRN
USP24,lalala,lalala,GRN
ABHD10,lalala,lalala,GRN
TMEM181,lalala,lalala,GRN
USP17L2,lalala,lalala,GRN
CGRRF1,lalala,lalala,GRN
FAM161B,lalala,lalala,GRN
CCDC96,lalala,lalala,GRN
WDR59,lalala,lalala,GRN
UNC13D,lalala,lalala,GRN
NUDT22,lalala,lalala,GRN
PKN2,lalala,lalala,GRN
USP9Y,lalala,lalala,GRN
FBXL18,lalala,lalala,GRN
FARP1,lalala,lalala,GRN
EIF4EBP1,lalala,lalala,GRN
PPP2R2D,lalala,lalala,GRN
GIT2,lalala,lalala,GRN
WDR91,lalala,lalala,GRN
ARMC6,lalala,lalala,GRN
SAMM50,lalala,lalala,GRN
PRR22,lalala,lalala,GRN
XRCC3,lalala,lalala,GRN
ZNF320,lalala,lalala,GRN
TATDN1,lalala,lalala,GRN
KNG1,lalala,lalala,GRN
CNDP2,lalala,lalala,GRN
UACA,lalala,lalala,GRN
TRPC4AP,lalala,lalala,GRN
ACO2,lalala,lalala,GRN
EIF3G,lalala,lalala,GRN
BLK,lalala,lalala,GRN
NUDT17,lalala,lalala,GRN
FAHD2B,lalala,lalala,GRN
AXIN2,lalala,lalala,GRN
FGFRL1,lalala,lalala,GRN
MNAT1,lalala,lalala,GRN
SF3A2,lalala,lalala,GRN
RAB5C,lalala,lalala,GRN
ZNF619,lalala,lalala,GRN
PERP,lalala,lalala,GRN
RAB33A,lalala,lalala,GRN
TCEA2,lalala,lalala,GRN
RUNDC3B,lalala,lalala,GRN
CD177,lalala,lalala,GRN
FAM13A,lalala,lalala,GRN
TRUB1,lalala,lalala,GRN
HDAC7,lalala,lalala,GRN
DDRGK1,lalala,lalala,GRN
TTK,lalala,lalala,GRN
TDRKH,lalala,lalala,GRN
DHX32,lalala,lalala,GRN
CHRNA2,lalala,lalala,GRN
MMP24,lalala,lalala,GRN
LENG9,lalala,lalala,GRN
TSLP,lalala,lalala,GRN
CDC25A,lalala,lalala,GRN
SLC16A9,lalala,lalala,GRN
PELI3,lalala,lalala,GRN
SLC35D3,lalala,lalala,GRN
RTKN2,lalala,lalala,GRN
HLA-L,lalala,lalala,GRN
ITSN1,lalala,lalala,GRN
RASGRP1,lalala,lalala,GRN
TLCD1,lalala,lalala,GRN
SNX15,lalala,lalala,GRN
PJA1,lalala,lalala,GRN
SSBP1,lalala,lalala,GRN
BECN1,lalala,lalala,GRN
SHPRH,lalala,lalala,GRN
TOMM34,lalala,lalala,GRN
FTL,lalala,lalala,GRN
SMAD6,lalala,lalala,GRN
KIF19,lalala,lalala,GRN
HIP1,lalala,lalala,GRN
MFSD6,lalala,lalala,GRN
TBX21,lalala,lalala,GRN
SNORD115-5,lalala,lalala,GRN
TNNI3K,lalala,lalala,GRN
PLXNA2,lalala,lalala,GRN
FAM118A,lalala,lalala,GRN
PPP1R9A,lalala,lalala,GRN
MICAL1,lalala,lalala,GRN
RNF216,lalala,lalala,GRN
PQBP1,lalala,lalala,GRN
XPO6,lalala,lalala,GRN
EGF,lalala,lalala,GRN
ZZEF1,lalala,lalala,GRN
KATNA1,lalala,lalala,GRN
DHRS7B,lalala,lalala,GRN
VAMP2,lalala,lalala,GRN
GALNT6,lalala,lalala,GRN
CBR3,lalala,lalala,GRN
EIF5,lalala,lalala,GRN
