V1,V2
AAAS,NCBP2
AAAS,NUP205
AAAS,SLU7
AAK1,TF
AARSD1,ARPC1A
ABCA1,PRKACB
ABCA1,SP3
ABCA2,SP3
ABCC1,NTRK1
ABCC3,ALB
ABCC8,PRKACB
ABCD1,PEX3
ABCD2,PEX3
ABCD3,PEX3
ABL1,JAK1
ABL1,MAP4K1
ABL1,PPP2CA
ABL2,PPP2CA
ACACA,SP3
ACACB,PTEN
ACAD8,ACADSB
ACAD8,CYP2C18
ACAD8,LDHD
ACAD9,NDUFAF7
ACAP2,SP3
ACBD5,PEX3
ACTA1,MYH11
ACTA2,MYH11
ACTA2,PXN
ACTB,FN1
ACTB,MEAF6
ACTB,MYH11
ACTB,PXN
ACTB,VPS72
ACTB,XPC
ACTBL2,FN1
ACTBL2,MYH11
ACTBL2,PXN
ACTC1,MYH11
ACTG1,FN1
ACTG1,MYH11
ACTG1,PXN
ACTG2,MYH11
ACTG2,PXN
ACTL6A,MEAF6
ACTL6A,VPS72
ACTL6A,XPC
ACTN1,FN1
ACTN1,JAK2
ACTN1,PXN
ACTN1,SRC
ACTN2,CAMK2G
ACTN2,FN1
ACTN2,PXN
ACTN3,FN1
ACTN3,PXN
ACTN4,FN1
ACTN4,PXN
ACTR10,CD59
ACTR10,HLA-DRB5
ACTR10,KDELR1
ACTR1A,AKAP9
ACTR1A,CD59
ACTR1A,CEP135
ACTR1A,HLA-DPA1
ACTR1A,HLA-DRB5
ACTR1A,KDELR1
ACTR1A,MYH11
ACTR1A,MZT2B
ACTR1A,ODF2
ACTR1A,SPTB
ACTR1A,SYNE1
ACTR1B,HLA-DPA1
ACTR1B,HLA-DRB5
ACTR1B,MYH11
ACTR2,TF
ACTR3,ARPC1A
ACTR3,EPN1
ACTR3,TF
ACTR5,XPC
ACTR8,XPC
ACVR1,TGFB1
ACVR1B,PRKACB
ACVR1B,TGFB1
ACVR1C,TGFB1
ACVR2A,TGFB1
ACVR2B,TGFB1
ACVRL1,TGFB1
ADA,NFIC
ADAM8,KIT
ADARB1,TGFB1
ADCK2,PDK2
ADCY1,CAMK2G
ADCY1,PRKACB
ADCY10,PRKACB
ADCY2,CAMK2G
ADCY2,PRKACB
ADCY3,CAMK2G
ADCY3,PRKACB
ADCY4,CAMK2G
ADCY4,PRKACB
ADCY5,CAMK2G
ADCY5,PRKACB
ADCY6,CAMK2G
ADCY6,PRKACB
ADCY7,CAMK2G
ADCY7,PRKACB
ADCY8,CAMK2G
ADCY8,PRKACB
ADCY9,CAMK2G
ADCY9,PRKACB
ADD3,PRKACB
ADIRF,POU2F2
ADIRF,TGFB1
ADRA1B,NFIX
AFF4,NCBP2
AFF4,SUPT6H
AFP,NFIC
AGO2,NUP205
AGRN,B3GALT6
AGRN,B3GAT3
AGT,ATP6AP2
AGTR1,TGFB1
AHCTF1,MAD1L1
AHI1,AKAP9
AHI1,ODF2
AHSG,NFIC
AICDA,SUPT6H
AIMP1,PPP2R5E
AJUBA,AKAP9
AJUBA,ODF2
AKAP1,PRKACB
AKAP10,PRKACB
AKAP12,PTEN
AKAP5,CAMK2G
AKAP5,PRKACB
AKAP9,ALMS1
AKAP9,AURKA
AKAP9,B9D1
AKAP9,B9D2
AKAP9,BORA
AKAP9,BRAF
AKAP9,C2CD3
AKAP9,CAMSAP2
AKAP9,CAMSAP3
AKAP9,CC2D2A
AKAP9,CCP110
AKAP9,CDK1
AKAP9,CDK5RAP2
AKAP9,CENPJ
AKAP9,CEP131
AKAP9,CEP135
AKAP9,CEP152
AKAP9,CEP162
AKAP9,CEP164
AKAP9,CEP192
AKAP9,CEP250
AKAP9,CEP290
AKAP9,CEP41
AKAP9,CEP57
AKAP9,CEP63
AKAP9,CEP70
AKAP9,CEP72
AKAP9,CEP76
AKAP9,CEP78
AKAP9,CEP83
AKAP9,CEP89
AKAP9,CEP97
AKAP9,CETN2
AKAP9,CKAP5
AKAP9,CLASP1
AKAP9,CLASP2
AKAP9,CLIC1
AKAP9,CNTRL
AKAP9,CSNK1D
AKAP9,CSNK1E
AKAP9,DCTN1
AKAP9,DCTN2
AKAP9,DCTN3
AKAP9,DISC1
AKAP9,DYNC1H1
AKAP9,DYNC1I2
AKAP9,DYNLL1
AKAP9,FBF1
AKAP9,FGFR1OP
AKAP9,GOLGA2
AKAP9,HAUS1
AKAP9,HAUS2
AKAP9,HAUS3
AKAP9,HAUS4
AKAP9,HAUS5
AKAP9,HAUS6
AKAP9,HAUS7
AKAP9,HAUS8
AKAP9,HMMR
AKAP9,HRAS
AKAP9,HSP90AA1
AKAP9,IQCB1
AKAP9,KCNE1
AKAP9,KCNE2
AKAP9,KCNQ1
AKAP9,KDM1A
AKAP9,KIF24
AKAP9,KRAS
AKAP9,KSR1
AKAP9,MAP2K1
AKAP9,MAP2K2
AKAP9,MAPK1
AKAP9,MAPK3
AKAP9,MAPRE1
AKAP9,MARK3
AKAP9,MARK4
AKAP9,MKS1
AKAP9,MZT1
AKAP9,MZT2A
AKAP9,MZT2B
AKAP9,NDE1
AKAP9,NDEL1
AKAP9,NEDD1
AKAP9,NEK2
AKAP9,NINL
AKAP9,NME7
AKAP9,NPHP1
AKAP9,NPHP4
AKAP9,NRAS
AKAP9,NUMA1
AKAP9,ODF2
AKAP9,OFD1
AKAP9,PAFAH1B1
AKAP9,PCM1
AKAP9,PCNT
AKAP9,PDE4DIP
AKAP9,PEBP1
AKAP9,PLK1
AKAP9,PLK4
AKAP9,PPP2R1A
AKAP9,PRKACA
AKAP9,PRKAR2A
AKAP9,PRKAR2B
AKAP9,PSTPIP1
AKAP9,RAB11A
AKAP9,RAB3IP
AKAP9,RAB8A
AKAP9,RAF1
AKAP9,RPGRIP1L
AKAP9,SCLT1
AKAP9,SDCCAG8
AKAP9,SEPTIN2
AKAP9,SFI1
AKAP9,SSNA1
AKAP9,TCTN1
AKAP9,TCTN2
AKAP9,TCTN3
AKAP9,TMEM216
AKAP9,TMEM67
AKAP9,TPX2
AKAP9,TTBK2
AKAP9,TUBA1A
AKAP9,TUBA4A
AKAP9,TUBB
AKAP9,TUBB4A
AKAP9,TUBB4B
AKAP9,TUBG1
AKAP9,TUBG2
AKAP9,TUBGCP2
AKAP9,TUBGCP3
AKAP9,TUBGCP4
AKAP9,TUBGCP5
AKAP9,TUBGCP6
AKAP9,YWHAB
AKAP9,YWHAE
AKAP9,YWHAG
AKR1B1,BPGM
AKR1C3,PRKACB
AKT1,CDKN1B
AKT1,JAK1
AKT1,MAP2K4
AKT1,MEAF6
AKT1,PDK1
AKT1,PDK2
AKT1,PPP2CA
AKT1,PPP2R5E
AKT1,PTEN
AKT1,RPTOR
AKT1,SLC2A5
AKT1,SRC
AKT1S1,PRKACB
AKT2,PDK1
AKT2,PPP2CA
AKT2,PPP2R5E
AKT2,SLC2A5
AKT3,PPP2CA
AKT3,PPP2R5E
AKT3,SLC2A5
ALAS1,NFIC
ALB,APOA1
ALB,APOC1
ALB,APOC2
ALB,APOC3
ALB,APOE
ALB,CDC73
ALB,CRYAA
ALB,CRYAB
ALB,DDB1
ALB,F2
ALB,FABP6
ALB,FAM20A
ALB,FAM20C
ALB,FGA
ALB,FOXA3
ALB,HBA1
ALB,HNRNPA1
ALB,HPX
ALB,HSPA8
ALB,KRT1
ALB,LRP2
ALB,PALB2
ALB,RBP4
ALB,SETX
ALB,SLC10A1
ALB,SLCO1A2
ALB,SLCO1B1
ALB,SLCO1B3
ALB,SOD1
ALB,TTR
ALDH3A2,PEX3
ALDOA,NFIC
ALG1,ALG11
ALK,JAK1
ALMS1,MZT2B
ALMS1,ODF2
ALOX5AP,CORO1A
ALOX5AP,DOCK2
ALOX5AP,ITGB2
ALOX5AP,RAC2
ALPK3,CSNK1G2
ALYREF,NCBP2
ALYREF,NUP205
ALYREF,SLU7
AMELX,NFIC
AMELY,NFIC
AMHR2,TGFB1
AMOT,PTEN
AMPH,TF
ANAPC1,ANAPC10
ANAPC1,ANAPC11
ANAPC1,ANAPC13
ANAPC1,ANAPC15
ANAPC1,ANAPC16
ANAPC1,ANAPC2
ANAPC1,ANAPC4
ANAPC1,ANAPC5
ANAPC1,ANAPC7
ANAPC1,AURKA
ANAPC1,AURKB
ANAPC1,BUB1B
ANAPC1,BUB3
ANAPC1,CCNB1
ANAPC1,CCNB2
ANAPC1,CCNB3
ANAPC1,CCNE1
ANAPC1,CCNE2
ANAPC1,CDC14A
ANAPC1,CDC14B
ANAPC1,CDC16
ANAPC1,CDC20
ANAPC1,CDC20B
ANAPC1,CDC23
ANAPC1,CDC26
ANAPC1,CDC27
ANAPC1,CDC6
ANAPC1,CDK1
ANAPC1,CDK2
ANAPC1,CDKN1A
ANAPC1,CDKN1B
ANAPC1,CEBPB
ANAPC1,DKFZP762H177
ANAPC1,EHMT1
ANAPC1,EHMT2
ANAPC1,FBXO5
ANAPC1,FZR1
ANAPC1,KATNB1
ANAPC1,LATS2
ANAPC1,MAD1L1
ANAPC1,MAD2L1
ANAPC1,MAD2L2
ANAPC1,NEK2
ANAPC1,NFKB1
ANAPC1,PLK1
ANAPC1,PPP3CA
ANAPC1,PPP3CB
ANAPC1,PPP3CC
ANAPC1,PPP3R1
ANAPC1,PPP3R2
ANAPC1,PSMA1
ANAPC1,PSMA2
ANAPC1,PSMA3
ANAPC1,PSMA4
ANAPC1,PSMA5
ANAPC1,PSMA6
ANAPC1,PSMA7
ANAPC1,PSMA8
ANAPC1,PSMB1
ANAPC1,PSMB10
ANAPC1,PSMB11
ANAPC1,PSMB2
ANAPC1,PSMB3
ANAPC1,PSMB4
ANAPC1,PSMB5
ANAPC1,PSMB6
ANAPC1,PSMB7
ANAPC1,PSMB8
ANAPC1,PSMB9
ANAPC1,PSMC1
ANAPC1,PSMC2
ANAPC1,PSMC3
ANAPC1,PSMC4
ANAPC1,PSMC5
ANAPC1,PSMC6
ANAPC1,PSMD1
ANAPC1,PSMD10
ANAPC1,PSMD11
ANAPC1,PSMD12
ANAPC1,PSMD13
ANAPC1,PSMD14
ANAPC1,PSMD2
ANAPC1,PSMD3
ANAPC1,PSMD4
ANAPC1,PSMD5
ANAPC1,PSMD6
ANAPC1,PSMD7
ANAPC1,PSMD8
ANAPC1,PSMD9
ANAPC1,PSME1
ANAPC1,PSME2
ANAPC1,PSME3
ANAPC1,PSME4
ANAPC1,PSMF1
ANAPC1,PTTG1
ANAPC1,PTTG2
ANAPC1,RELA
ANAPC1,RPS27A
ANAPC1,SEM1
ANAPC1,SKP2
ANAPC1,UBA52
ANAPC1,UBB
ANAPC1,UBC
ANAPC1,UBE2C
ANAPC1,UBE2D1
ANAPC1,UBE2E1
ANAPC1,UBE2S
ANAPC1,USP1
ANAPC1,VENTX
ANAPC10,MAD1L1
ANAPC11,MAD1L1
ANAPC13,MAD1L1
ANAPC2,MAD1L1
ANAPC4,MAD1L1
ANAPC5,CDKN1B
ANAPC5,MAD1L1
ANAPC7,CDKN1B
ANAPC7,MAD1L1
ANAPC7,PTEN
ANG,PTEN
ANGPT1,FN1
ANGPT1,KIT
ANGPT2,KIT
ANGPT4,KIT
ANK1,CD59
ANK1,KDELR1
ANK1,SPTB
ANK2,CD59
ANK2,KDELR1
ANK2,OBSCN
ANK3,CD59
ANK3,KDELR1
ANKLE2,PPP2CA
ANKRD17,DDX58
ANXA2,PTEN
AOX1,SP3
AP1B1,HLA-DPA1
AP1B1,HLA-DRB5
AP1G1,HLA-DPA1
AP1G1,HLA-DRB5
AP1M1,HLA-DRB5
AP1M2,HLA-DRB5
AP1S1,HLA-DPA1
AP1S1,HLA-DRB5
AP1S2,HLA-DPA1
AP1S2,HLA-DRB5
AP1S3,HLA-DRB5
AP2A1,ARPC1A
AP2A1,EPN1
AP2A1,HLA-DPA1
AP2A1,HLA-DRB5
AP2A1,RPS6KA5
AP2A1,TF
AP2A2,ARPC1A
AP2A2,EPN1
AP2A2,HLA-DPA1
AP2A2,HLA-DRB5
AP2A2,RPS6KA5
AP2A2,TF
AP2B1,ARPC1A
AP2B1,EPN1
AP2B1,HLA-DPA1
AP2B1,HLA-DRB5
AP2B1,RPS6KA5
AP2B1,TF
AP2M1,HLA-DRB5
AP2M1,RPS6KA5
AP2M1,TF
AP2S1,HLA-DRB5
AP2S1,RPS6KA5
AP2S1,TF
AP5B1,AP5M1
AP5B1,AP5S1
AP5B1,AP5Z1
APBB1IP,FN1
APC,CSNK1G2
APC,PPP2CA
APC,PPP2R5E
APC,PXN
APC,TGFB1
APC2,CSNK1G2
APC2,PPP2CA
APC2,PPP2R5E
APOA1,KRT1
APOA1,SP3
APOA2,NFIC
APOB,ARPC1A
APOE,HP
APP,CSNK1G2
APP,DYRK1A
APP,POU2F2
APP,TGFB1
AQP2,PRKACB
AQR,GTF2H2
AQR,NCBP2
AQR,SLU7
AR,PRKACB
AR,PTEN
AR,SLC30A9
ARAF,MAP2K4
ARAF,PRKACB
ARCN1,CD59
ARCN1,KDELR1
ARCN1,SPTB
AREG,KIT
AREG,PXN
ARF1,HLA-DRB5
ARF1,KDELR1
ARF3,KDELR1
ARF4,CD59
ARF4,KDELR1
ARF4,LGALS1
ARF4,PTEN
ARF4,SPTB
ARF5,KDELR1
ARF6,PXN
ARF6,SRC
ARFGAP1,CD59
ARFGAP1,KDELR1
ARFGAP2,CD59
ARFGAP2,KDELR1
ARFGAP2,SPTB
ARFGAP3,CD59
ARFGAP3,KDELR1
ARFGAP3,SPTB
ARG1,NFIC
ARHGAP18,CDC42
ARHGAP18,RAC1
ARHGAP18,RAC2
ARHGAP18,RAC3
ARHGAP18,RHOA
ARHGAP18,RHOB
ARHGAP18,RHOBTB1
ARHGAP18,RHOBTB2
ARHGAP18,RHOC
ARHGAP18,RHOD
ARHGAP18,RHOF
ARHGAP18,RHOG
ARHGAP18,RHOH
ARHGAP18,RHOJ
ARHGAP18,RHOQ
ARHGAP18,RHOT1
ARHGAP18,RHOT2
ARHGAP18,RHOU
ARHGAP18,RHOV
ARHGAP22,VEZF1
ARHGAP24,VEZF1
ARHGDIA,CDKN1B
ARHGDIA,PRKACB
ARHGDIB,PRKACB
ARHGDIG,PRKACB
ARHGEF1,CDKN1B
ARHGEF1,SRC
ARHGEF16,ELMO2
ARHGEF18,TGFB1
ARHGEF2,TUBB3
ARHGEF7,JAK2
ARHGEF7,PXN
ARHGEF7,SRC
ARID4A,HDAC2
ARID4A,RB1
ARID4A,RBBP4
ARID4A,RBBP7
ARID4A,SAP18
ARID4A,SP1
ARID4A,TBK1
ARID4B,SP3
ARIH1,JAK1
ARIH1,UBE2L6
ARIH2,UBE2L6
ARL13B,VPS37A
ARL2,PPP2CA
ARL2,TUBB3
ARNT,PDK1
ARNT,TF
ARPC1A,ARPC1B
ARPC1A,ARPC2
ARPC1A,ARPC3
ARPC1A,ARPC4
ARPC1A,ARRB1
ARPC1A,ARRB2
ARPC1A,BIN1
ARPC1A,BRK1
ARPC1A,CAPZA1
ARPC1A,CAPZA2
ARPC1A,CAPZB
ARPC1A,CDC42
ARPC1A,CLTB
ARPC1A,CLTC
ARPC1A,CYFIP1
ARPC1A,CYFIP2
ARPC1A,EPS15L1
ARPC1A,FNBP1
ARPC1A,GAK
ARPC1A,GAPVD1
ARPC1A,GRB2
ARPC1A,HGS
ARPC1A,HTT
ARPC1A,NCK1
ARPC1A,NCKAP1L
ARPC1A,OCRL
ARPC1A,PACSIN2
ARPC1A,REPS1
ARPC1A,RHOA
ARPC1A,SCARB2
ARPC1A,STAM
ARPC1A,TF
ARPC1A,VAMP2
ARPC1A,VAMP8
ARPC1A,VCL
ARPC1A,WIPF1
ARPC1B,TGFB1
ARPC2,EPN1
ARPC2,TF
ARPC3,EPN1
ARPC3,TF
ARPC4,EPN1
ARPC4,TF
ARPC5,TF
ARR3,CSNK1G2
ARR3,PPP2CA
ARR3,PPP2R5E
ARRB1,CSNK1G2
ARRB1,EPN1
ARRB1,MAP2K4
ARRB1,PPP2CA
ARRB1,PPP2R5E
ARRB1,SRC
ARRB2,CSNK1G2
ARRB2,EPN1
ARRB2,MAP2K4
ARRB2,PPP2CA
ARRB2,PPP2R5E
ARRB2,SRC
ARRB2,TGFB1
ARSA,SUMF1
ARSA,SUMF2
ARSB,SUMF1
ARSD,SUMF1
ARSE,SUMF1
ARSF,SUMF1
ARSG,SUMF1
ARSH,SUMF1
ARSI,SUMF1
ARSJ,SUMF1
ARSK,SUMF1
ASAP1,KDELR1
ASAP1,SRC
ASCL1,POU2F2
ASCL1,ZNF143
ASNS,GSS
ATAD1,PEX3
ATF1,CAMK2G
ATF1,POLG2
ATF1,PRKACB
ATF1,RPS6KA5
ATF2,CAMK2G
ATF2,FN1
ATF2,PRKACB
ATF2,RPS6KA5
ATF4,CAMK2G
ATF4,POU2F2
ATF4,PRKACB
ATF4,RPS6KA5
ATF6B,CAMK2G
ATF6B,PRKACB
ATF6B,RPS6KA5
ATG101,PPP2CA
ATG12,DDX58
ATG13,PPP2CA
ATG13,PRKACB
ATG4D,PPP2CA
ATG5,DDX58
ATP1A1,NFIC
ATP1A1,PRKACB
ATP1A2,PRKACB
ATP1A3,PRKACB
ATP1A4,PRKACB
ATP1B1,PRKACB
ATP1B2,PRKACB
ATP1B3,PRKACB
ATP1B4,PRKACB
ATP2A1,CAMK2G
ATP2A2,CAMK2G
ATP2A3,CAMK2G
ATP2B1,PRKACB
ATP2B2,PRKACB
ATP2B3,PRKACB
ATP2B4,PRKACB
ATP6AP2,ATP6V0C
ATP6AP2,FZD8
ATP6AP2,LRP6
ATP6AP2,PRKAR1A
ATP6AP2,REN
ATP6AP2,WNT3A
ATP6V0A1,STX3
ATP6V1C1,RPTOR
ATP6V1D,RPTOR
ATP6V1E1,RPTOR
ATP6V1G1,RPTOR
ATP6V1H,RPTOR
ATR,ORC3
ATR,ORC5
ATRIP,ORC3
ATRIP,ORC5
ATRX,MED23
ATXN7,SUPT7L
ATXN7L3,SUPT7L
AURKA,ODF2
AURKA,TGFB1
AURKAIP1,MRPL2
AURKAIP1,MRPL34
AURKAIP1,MRPS14
AURKAIP1,MTIF3
AURKB,MAD1L1
AURKB,NUP205
AXIN1,CSNK1G2
AXIN1,PPP2CA
AXIN1,PPP2R5E
AXIN2,CSNK1G2
AXIN2,PPP2CA
AXIN2,PPP2R5E
AXIN2,TGFB1
AXL,JAK1
B3GALT6,BCAN
B3GALT6,BGN
B3GALT6,CSPG4
B3GALT6,CSPG5
B3GALT6,DCN
B3GALT6,GPC1
B3GALT6,GPC2
B3GALT6,GPC3
B3GALT6,GPC4
B3GALT6,GPC5
B3GALT6,GPC6
B3GALT6,HSPG2
B3GALT6,NCAN
B3GALT6,SDC1
B3GALT6,SDC2
B3GALT6,SDC3
B3GALT6,SDC4
B3GALT6,VCAN
B3GAT3,BCAN
B3GAT3,BGN
B3GAT3,CREB1
B3GAT3,CSGALNACT2
B3GAT3,CSPG4
B3GAT3,CSPG5
B3GAT3,DCN
B3GAT3,ETS1
B3GAT3,GPC1
B3GAT3,GPC2
B3GAT3,GPC3
B3GAT3,GPC4
B3GAT3,GPC5
B3GAT3,GPC6
B3GAT3,HSPG2
B3GAT3,NCAN
B3GAT3,PXYLP1
B3GAT3,SDC1
B3GAT3,SDC2
B3GAT3,SDC3
B3GAT3,SDC4
B3GAT3,STAT1
B3GAT3,STAT3
B3GAT3,VCAN
B9D1,ODF2
B9D2,MAD1L1
B9D2,ODF2
BAD,PRKACB
BAK1,PPP2CA
BAMBI,TGFB1
BANF1,NUP205
BANF1,PPP2CA
BAP1,PTEN
BAX,MFN1
BAX,PPP2CA
BAX,PRKACB
BCAR1,ELMO2
BCAR1,FN1
BCAR1,PXN
BCAS2,NCBP2
BCAS2,SLU7
BCAS3,TGFB1
BCKDK,PDK1
BCKDK,PDK2
BCL10,TGFB1
BCL2,PPP2CA
BCL2,PPP2R5E
BCL2A1,POU2F2
BCL2L1,PPP2CA
BCL3,KRT1
BCL3,POU2F2
BCL3,VEZF1
BCLAF1,SP3
BCOR,NACC1
BCR,SRC
BCR/ABL FUSION,PTEN
BDNF,KIT
BDP1,ZNF143
BET1,CD59
BET1,KDELR1
BET1,SERPINA1
BET1L,CD59
BET1L,CUX1
BET1L,KDELR1
BET1L,SPTB
BEX1,PTEN
BGN,TGFB1
BHLHE40,PPP2CA
BIN1,EPN1
BIN1,TF
BIN2,MAP4K1
BIRC5,MAD1L1
BIRC5,NUP205
BLK,PXN
BMI1,PHC3
BMPR1A,TGFB1
BMPR1B,TGFB1
BMPR2,TGFB1
BNIP1,KDELR1
BNIP3L,STEAP3
BOK,PPP2CA
BORA,ODF2
BPGM,EDARADD
BPGM,ENO1
BPGM,ENO2
BPGM,ENO3
BPGM,ENO4
BPGM,GPD1L
BPGM,PBX3
BPGM,PGAM2
BPI,SP3
BRAF,PPP2CA
BRAF,PRKACB
BRAT1,RPTOR
BRCA1,MED17
BRCA1,NUDT2
BRCA1,PPP2CA
BRCA1,XPC
BRD2,TAF5
BRD4,MED17
BRD8,MEAF6
BRD8,VPS72
BRF2,ZNF143
BRPF1,MEAF6
BSG,PPIL2
BTBD10,PPP2CA
BTC,PXN
BTK,JAK1
BTK,SP3
BTRC,CSNK1G2
BTRC,PPP2CA
BTRC,PPP2R5E
BUB1,MAD1L1
BUB1,PPP2CA
BUB1,TGFB1
BUB1B,MAD1L1
BUB3,MAD1L1
BUB3,TAF5
BUD31,NCBP2
BUD31,SLU7
C2CD3,ODF2
C3,TF
C4A,NFIC
C4BPB,NFIC
C5,CD59
C6,CD59
C7,CD59
C8A,CD59
C8B,CD59
C8G,CD59
C9,CD59
CA9,SP3
CACNA1C,CAMK2G
CACNA1C,PPP2CA
CACNA1C,PPP2R5E
CACNA1C,PRKACB
CACNA1D,CAMK2G
CACNA1D,PPP2CA
CACNA1D,PPP2R5E
CACNA1D,PRKACB
CACNA1F,CAMK2G
CACNA1F,PPP2CA
CACNA1F,PPP2R5E
CACNA1F,PRKACB
CACNA1S,CAMK2G
CACNA1S,PPP2CA
CACNA1S,PPP2R5E
CACNA1S,PRKACB
CACNA2D1,CAMK2G
CACNA2D1,PPP2CA
CACNA2D1,PPP2R5E
CACNA2D1,PRKACB
CACNA2D2,CAMK2G
CACNA2D2,PPP2CA
CACNA2D2,PPP2R5E
CACNA2D2,PRKACB
CACNA2D3,CAMK2G
CACNA2D3,PPP2CA
CACNA2D3,PPP2R5E
CACNA2D3,PRKACB
CACNA2D4,CAMK2G
CACNA2D4,PPP2CA
CACNA2D4,PPP2R5E
CACNA2D4,PRKACB
CACNB1,CAMK2G
CACNB1,PPP2CA
CACNB1,PPP2R5E
CACNB1,PRKACB
CACNB2,CAMK2G
CACNB2,PPP2CA
CACNB2,PPP2R5E
CACNB2,PRKACB
CACNB3,CAMK2G
CACNB3,PPP2CA
CACNB3,PPP2R5E
CACNB3,PRKACB
CACNB4,CAMK2G
CACNB4,PPP2CA
CACNB4,PPP2R5E
CACNB4,PRKACB
CACNG1,CAMK2G
CACNG1,PPP2CA
CACNG1,PPP2R5E
CACNG1,PRKACB
CACNG2,CAMK2G
CACNG2,PPP2CA
CACNG2,PPP2R5E
CACNG2,PRKACB
CACNG3,CAMK2G
CACNG3,PPP2CA
CACNG3,PPP2R5E
CACNG3,PRKACB
CACNG4,CAMK2G
CACNG4,PPP2CA
CACNG4,PPP2R5E
CACNG4,PRKACB
CACNG5,CAMK2G
CACNG5,PPP2CA
CACNG5,PPP2R5E
CACNG5,PRKACB
CACNG6,CAMK2G
CACNG6,PPP2CA
CACNG6,PPP2R5E
CACNG6,PRKACB
CACNG7,CAMK2G
CACNG7,PPP2CA
CACNG7,PPP2R5E
CACNG7,PRKACB
CACNG8,CAMK2G
CACNG8,PPP2CA
CACNG8,PPP2R5E
CACNG8,PRKACB
CALCR,SP3
CALD1,MYH11
CALD1,PXN
CALM3,CAMK2G
CALM3,JAK1
CALM3,MYH11
CALM3,PHKB
CALM3,PRKACB
CALML3,CAMK2G
CALML3,PHKB
CALML3,PRKACB
CALML4,CAMK2G
CALML4,PHKB
CALML4,PRKACB
CALML5,CAMK2G
CALML5,PHKB
CALML5,PRKACB
CALML6,CAMK2G
CALML6,PHKB
CALML6,PRKACB
CAMK1,PPP2CA
CAMK2A,CAMK2G
CAMK2A,JAK1
CAMK2B,CAMK2G
CAMK2B,JAK1
CAMK2B,PHKB
CAMK2D,JAK1
CAMK2D,PTEN
CAMK2G,CDC25C
CAMK2G,CREB1
CAMK2G,CREB3
CAMK2G,CREB3L1
CAMK2G,CREB3L2
CAMK2G,CREB3L3
CAMK2G,CREB3L4
CAMK2G,CREB5
CAMK2G,CREBBP
CAMK2G,CYBB
CAMK2G,DKFZP686N2325
CAMK2G,DLG1
CAMK2G,DLG2
CAMK2G,DLG3
CAMK2G,DLG4
CAMK2G,EGFR
CAMK2G,EP300
CAMK2G,EPB41L1
CAMK2G,ETS1
CAMK2G,FBXO43
CAMK2G,FGF11
CAMK2G,FGF12
CAMK2G,FGF13
CAMK2G,FGF14
CAMK2G,FLNA
CAMK2G,FLNB
CAMK2G,FLNC
CAMK2G,FOXO1
CAMK2G,GRIA1
CAMK2G,GRIA2
CAMK2G,GRIA3
CAMK2G,GRIA4
CAMK2G,GRIN1
CAMK2G,GRIN2B
CAMK2G,GRM1
CAMK2G,GRM5
CAMK2G,HRAS
CAMK2G,HSF1
CAMK2G,IFNG
CAMK2G,IFNGR1
CAMK2G,IFNGR2
CAMK2G,ITPR1
CAMK2G,ITPR2
CAMK2G,ITPR3
CAMK2G,JAK1
CAMK2G,JAK2
CAMK2G,KRAS
CAMK2G,LRRC7
CAMK2G,MAPK1
CAMK2G,MAPK3
CAMK2G,MDM2
CAMK2G,MEF2B
CAMK2G,MEF2C
CAMK2G,MEF2D
CAMK2G,MYO6
CAMK2G,NEFL
CAMK2G,NOS1
CAMK2G,NOS3
CAMK2G,NR1H2
CAMK2G,NRAS
CAMK2G,PDE10A
CAMK2G,PDE3A
CAMK2G,PDE3B
CAMK2G,PDE4A
CAMK2G,PDE4B
CAMK2G,PDE4C
CAMK2G,PDE4D
CAMK2G,PIK3C3
CAMK2G,PLCB1
CAMK2G,PLCB2
CAMK2G,PLCB3
CAMK2G,PLCB4
CAMK2G,PLCG1
CAMK2G,PLCG1 VARIANT PROTEIN
CAMK2G,PLCG2
CAMK2G,PLN
CAMK2G,PPID
CAMK2G,PPM1F
CAMK2G,PPP1CA
CAMK2G,PPP1CB
CAMK2G,PPP1CC
CAMK2G,RANGRF
CAMK2G,RAP1A
CAMK2G,RAP1B
CAMK2G,RIPK3
CAMK2G,RYR2
CAMK2G,SCN1B
CAMK2G,SCN4B
CAMK2G,SCN5A
CAMK2G,SCN7A
CAMK2G,SLC25A31
CAMK2G,SLC25A4
CAMK2G,SLC25A5
CAMK2G,SLC25A6
CAMK2G,SLC6A3
CAMK2G,SLN
CAMK2G,SQSTM1
CAMK2G,SRI
CAMK2G,STAT1
CAMK2G,TRPV1
CAMK2G,VDAC1
CAMK2G,VDAC2
CAMK2G,VDAC3
CAMSAP3,TUBB3
CANX,HLA-DPA1
CANX,HLA-DRB5
CAPZA1,CD59
CAPZA1,HLA-DPA1
CAPZA1,HLA-DRB5
CAPZA1,KDELR1
CAPZA1,SPTB
CAPZA2,CD59
CAPZA2,HLA-DPA1
CAPZA2,HLA-DRB5
CAPZA2,KDELR1
CAPZA2,SPTB
CAPZA3,CD59
CAPZA3,HLA-DRB5
CAPZA3,KDELR1
CAPZB,CD59
CAPZB,HLA-DPA1
CAPZB,HLA-DRB5
CAPZB,KDELR1
CAPZB,SPTB
CARM1,MED10
CARM1,MED11
CARM1,MED17
CARM1,PRKACB
CASC3,NCBP2
CASC3,NUP205
CASC3,PPP2CA
CASC3,SLU7
CASC3,SMG1
CASP10,DDX58
CASP3,PPP2CA
CASP8,DDX58
CASP8,PTEN
CASP8AP2,PHC3
CASS4,PXN
CAV1,FN1
CAV1,PPP2CA
CAV1,PRKACB
CAV1,PTEN
CAV1,TGFB1
CBFB,TGFB1
CBL,JAK1
CBL,KIT
CBL,PPP2CA
CBL,PTEN
CBLC,UBE2L6
CBLL1,PPP2CA
CBLL2,PPP2CA
CBX2,PHC3
CBX3,RPS6KA5
CBX4,PHC3
CBX5,PPP2CA
CBX6,PHC3
CBX8,PHC3
CC2D2A,ODF2
CCAR1,NCBP2
CCAR1,SLU7
CCAR2,RPS19BP1
CCDC120,ODF2
CCL5,TGFB1
CCN2,FN1
CCNB1,MAD1L1
CCNB1,NUP205
CCNB1,ORC3
CCNB1,ORC5
CCNB2,MAD1L1
CCNB2,NUP205
CCNC,MED10
CCNC,MED11
CCNC,MED17
CCNC,TGFB1
CCND1,SP3
CCND3,MED10
CCND3,MED11
CCND3,MED17
CCNE1,ORC3
CCNE2,ORC3
CCNG1,PPP2CA
CCNG1,PPP2R5E
CCNG2,PPP2R5E
CCNH,NCBP2
CCNH,SUPT6H
CCNH,XPC
CCNK,GTF2H2
CCNK,NCBP2
CCNK,POU2F2
CCNK,SUPT6H
CCNK,TAF5
CCNK,ZNF143
CCNT1,NCBP2
CCNT1,POU2F2
CCNT1,SUPT6H
CCNT1,ZNF143
CCNT2,NCBP2
CCNT2,POU2F2
CCNT2,SUPT6H
CCNT2,ZNF143
CCP110,MZT2B
CCP110,ODF2
CCR1,JAK1
CCR5,POU2F2
CCR7,POU2F2
CCT2,TUBB3
CCT3,CLGN
CCT3,TUBB3
CCT4,CLGN
CCT4,TUBB3
CCT5,PPP2CA
CCT5,TUBB3
CCT6A,TUBB3
CCT7,TUBB3
CCT8,TUBB3
CD101,HLA-DRB5
CD109,TGFB1
CD14,SP3
CD151,CD63
CD2,CD59
CD209,TGFB1
CD22,FN1
CD22,LGALS3BP
CD22,POU2F2
CD247,ELMO2
CD247,HLA-DRB5
CD247,MAP4K1
CD274,HLA-DRB5
CD2BP2,NCBP2
CD2BP2,SLU7
CD33,FN1
CD33,LGALS3BP
CD36,PXN
CD37,MAP4K1
CD3D,HLA-DRB5
CD3D,MAP4K1
CD3E,HLA-DRB5
CD3E,MAP4K1
CD3G,ELMO2
CD3G,HLA-DRB5
CD3G,MAP4K1
CD4,HLA-DRB5
CD4,MAP4K1
CD40,SP3
CD40LG,JAK1
CD44,FN1
CD59,CD8A
CD59,CD9
CD59,COG1
CD59,COG2
CD59,COG3
CD59,COG4
CD59,COG5
CD59,COG6
CD59,COG7
CD59,COG8
CD59,COPA
CD59,COPB1
CD59,COPB2
CD59,COPE
CD59,COPG1
CD59,COPG2
CD59,COPZ1
CD59,COPZ2
CD59,CSNK1D
CD59,DCTN1
CD59,DCTN2
CD59,DCTN3
CD59,DCTN4
CD59,DCTN5
CD59,DCTN6
CD59,DYNC1H1
CD59,DYNC1I1
CD59,DYNC1I2
CD59,DYNC1LI1
CD59,DYNC1LI2
CD59,DYNLL1
CD59,DYNLL2
CD59,EGFR
CD59,GBF1
CD59,GOLGA2
CD59,GOLGB1
CD59,GORASP1
CD59,GOSR1
CD59,GOSR2
CD59,RAB1A
CD59,RAB1B
CD59,SAR1B
CD59,SCFD1
CD59,SEC13
CD59,SEC16A
CD59,SEC16B
CD59,SEC22B
CD59,SEC23A
CD59,SEC23IP
CD59,SEC24A
CD59,SEC24B
CD59,SEC24C
CD59,SEC24D
CD59,SEC31A
CD59,SPTA1
CD59,SPTAN1
CD59,SPTB
CD59,SPTBN1
CD59,SPTBN2
CD59,SPTBN4
CD59,SPTBN5
CD59,STX5
CD59,TFG
CD59,TMED10
CD59,TMED2
CD59,TMED3
CD59,TMED7
CD59,TMED9
CD59,TMEM115
CD59,TRAPPC1
CD59,TRAPPC10
CD59,TRAPPC2B
CD59,TRAPPC2L
CD59,TRAPPC3
CD59,TRAPPC4
CD59,TRAPPC5
CD59,TRAPPC6A
CD59,TRAPPC6B
CD59,TRAPPC9
CD59,USO1
CD59,YKT6
CD74,HLA-DRB5
CD79A,POU2F2
CD79A,PTEN
CD79B,POU2F2
CD79B,PTEN
CD83,SP3
CDC16,MAD1L1
CDC2,PPP2R5E
CDC20,MAD1L1
CDC23,MAD1L1
CDC25C,PRKACB
CDC26,MAD1L1
CDC27,CDKN1B
CDC27,MAD1L1
CDC27,PTEN
CDC40,NCBP2
CDC40,NUP205
CDC40,SLU7
CDC42,JAK2
CDC42,MAD1L1
CDC42,OBSCN
CDC42,PTEN
CDC42,SRC
CDC45,ORC3
CDC45,ORC5
CDC5L,NCBP2
CDC5L,SLU7
CDC6,ORC3
CDC6,ORC5
CDC7,ORC3
CDC7,ORC5
CDC73,SUPT6H
CDCA5,MAD1L1
CDCA8,MAD1L1
CDCA8,NUP205
CDH2,OBSCN
CDIPT,PTEN
CDK1,CDKN1B
CDK1,CEP135
CDK1,MAD1L1
CDK1,MZT2B
CDK1,NUP205
CDK1,ODF2
CDK1,ORC3
CDK1,ORC5
CDK1,PPP2R5E
CDK13,DYRK1A
CDK19,MED10
CDK19,MED11
CDK19,MED17
CDK19,TGFB1
CDK2,CDKN1B
CDK2,ORC3
CDK2,ORC5
CDK2,RPTOR
CDK3,PPP2R5E
CDK4,MED10
CDK4,MED11
CDK4,MED17
CDK4,ORC3
CDK4,PDK2
CDK4,TGFB1
CDK5R1,CSNK1G2
CDK5RAP2,MZT2B
CDK5RAP2,ODF2
CDK6,CSNK1G2
CDK7,NCBP2
CDK7,POU2F2
CDK7,SUPT6H
CDK7,XPC
CDK7,ZNF143
CDK8,MED10
CDK8,MED11
CDK8,MED17
CDK8,TGFB1
CDK9,NCBP2
CDK9,POU2F2
CDK9,SUPT6H
CDK9,ZNF143
CDKN1A,SP3
CDKN1B,COPS5
CDKN1B,CUL1
CDKN1B,CUL4A
CDKN1B,DDB1
CDKN1B,EP300
CDKN1B,KPNA1
CDKN1B,LYN
CDKN1B,MCM7
CDKN1B,NUP50
CDKN1B,PIN1
CDKN1B,PPP2CA
CDKN1B,PSMA1
CDKN1B,PSMA2
CDKN1B,PSMA4
CDKN1B,PSMA5
CDKN1B,PSMA7
CDKN1B,PSMB10
CDKN1B,PSMB2
CDKN1B,PSMB3
CDKN1B,PSMB4
CDKN1B,PSMB5
CDKN1B,PSMB6
CDKN1B,PSMB7
CDKN1B,PSMC1
CDKN1B,PSMC3
CDKN1B,PSMC5
CDKN1B,PSMC6
CDKN1B,PSMD1
CDKN1B,PSMD10
CDKN1B,PSMD11
CDKN1B,PSMD12
CDKN1B,PSMD13
CDKN1B,PSMD14
CDKN1B,PSMD2
CDKN1B,PSMD4
CDKN1B,PSMD6
CDKN1B,PSMD7
CDKN1B,PSMD8
CDKN1B,PSMD9
CDKN1B,PSME2
CDKN1B,PSME3
CDKN1B,PSMF1
CDKN1B,PTGES3
CDKN1B,RB1
CDKN1B,RBBP5
CDKN1B,RHOA
CDKN1B,RPS6KA1
CDKN1B,STMN1
CDKN1B,VCP
CDKN1B,VTN
CDKN1B,WDR5
CDKN1B,XPO1
CDKN1B,YWHAB
CDKN1B,YWHAE
CDKN1B,YWHAG
CDKN1B,YWHAH
CDKN1B,YWHAZ
CDKN2B,SP3
CDKN2C,PPP2CA
CDKN2D,SP3
CDT1,ORC3
CDT1,ORC5
CEACAM1,FN1
CEACAM1,PXN
CEACAM6,FN1
CEACAM8,FN1
CEBPA,FN1
CEBPA,MED10
CEBPA,MED11
CEBPA,MED17
CEBPA,TF
CEBPA,TGFB1
CEBPA,VPS72
CEBPB,FN1
CEBPB,MED10
CEBPB,MED11
CEBPB,MED17
CEBPB,PPP2CA
CEBPB,SERPINA1
CEBPB,SP3
CEBPB,TF
CEBPB,TGFB1
CEBPD,TGFB1
CELA1,SERPINA1
CENPA,MAD1L1
CENPC,MAD1L1
CENPC,PTEN
CENPE,HLA-DRB5
CENPE,KDELR1
CENPE,MAD1L1
CENPF,MAD1L1
CENPH,MAD1L1
CENPI,MAD1L1
CENPJ,MZT2B
CENPJ,ODF2
CENPK,MAD1L1
CENPL,MAD1L1
CENPM,MAD1L1
CENPN,MAD1L1
CENPO,MAD1L1
CENPP,MAD1L1
CENPQ,MAD1L1
CENPS,MAD1L1
CENPT,MAD1L1
CENPU,MAD1L1
CEP131,CEP135
CEP131,MZT2B
CEP131,ODF2
CEP135,CKAP5
CEP135,CLASP1
CEP135,DCTN1
CEP135,DCTN3
CEP135,DYNC1H1
CEP135,DYNLL1
CEP135,HAUS5
CEP135,HSP90AA1
CEP135,MZT2B
CEP135,NUMA1
CEP135,ODF2
CEP135,PCM1
CEP135,PCNT
CEP135,PPP2R1A
CEP135,PRKACA
CEP135,PRKAR2B
CEP135,RAB8A
CEP135,TUBB
CEP135,TUBG1
CEP135,TUBGCP2
CEP135,TUBGCP3
CEP135,TUBGCP4
CEP135,YWHAE
CEP135,YWHAG
CEP152,MZT2B
CEP152,ODF2
CEP162,ODF2
CEP164,MZT2B
CEP164,ODF2
CEP192,MZT2B
CEP192,ODF2
CEP250,MZT2B
CEP250,ODF2
CEP290,MZT2B
CEP290,ODF2
CEP41,MZT2B
CEP41,ODF2
CEP57,MZT2B
CEP57,ODF2
CEP63,MZT2B
CEP63,ODF2
CEP70,MZT2B
CEP70,ODF2
CEP72,MZT2B
CEP72,ODF2
CEP76,MZT2B
CEP76,ODF2
CEP78,MZT2B
CEP78,ODF2
CEP83,ODF2
CEP89,ODF2
CEP97,ODF2
CERT,CSNK1G2
CETN1,VPS37A
CETN2,MZT2B
CETN2,ODF2
CETN2,PHC3
CETN2,XPC
CFL1,PTEN
CFTR,PRKACB
CFTR,VPS37A
CGA,NFIC
CGN,TGFB1
CHAF1A,XPC
CHCHD1,MRPL2
CHCHD1,MRPL34
CHCHD1,MRPS14
CHCHD1,MTIF3
CHD1L,XPC
CHD8,NFATC2IP
CHD8,ZNF143
CHD9,MED10
CHD9,MED11
CHD9,MED17
CHEK1,KIT
CHEK1,PPP2CA
CHERP,NCBP2
CHERP,SLU7
CHI3L1,SP3
CHKA,CHKB
CHKB,FOS
CHKB,HIF1A
CHKB,JUN
CHKB,PIK3CA
CHKB,PIK3CA VARIANT PROTEIN
CHKB,PIK3CB
CHKB,PIK3CD
CHKB,PIK3R1
CHKB,PIK3R2
CHKB,PIK3R3
CHKB,RAF1
CHKB,RALGDS
CHM,RABGGTA
CHML,RAB27B
CHML,RABGGTA
CHMP1A,VPS37A
CHMP2A,VPS37A
CHMP2B,VPS37A
CHMP3,VPS37A
CHMP4A,VPS37A
CHMP4B,VPS37A
CHMP4C,VPS37A
CHMP5,VPS37A
CHMP6,VPS37A
CHMP7,VPS37A
CHRNA4,EPX
CHRNB4,SP3
CHTOP,NCBP2
CHTOP,NUP205
CHTOP,SLU7
CHUK,DDX58
CHUK,NLRX1
CHUK,PPP2CA
CHUK,PTEN
CHURC1-FNTB,RABGGTA
CIITA,HLA-DRB5
CIITA,POU2F2
CILP,TGFB1
CISH,JAK1
CIT,MYH11
CKAP5,MAD1L1
CKAP5,MZT2B
CKAP5,ODF2
CLASP1,MAD1L1
CLASP1,MZT2B
CLASP1,ODF2
CLASP2,MAD1L1
CLASRP,SUGP2
CLC,SP1
CLCF1,JAK1
CLEC4M,TGFB1
CLGN,DARS
CLGN,DNAJA1
CLGN,EPRS
CLGN,HSP90AA1
CLGN,HSP90AB1
CLGN,HSP90B1
CLGN,KPNA3
CLGN,PDIA6
CLGN,PPP2R1A
CLGN,PSMC1
CLGN,PSMC3
CLGN,PSMC5
CLGN,PSMC6
CLGN,RCN1
CLGN,RPS5
CLGN,SEC61A1
CLGN,VCP
CLIP1,MAD1L1
CLIP1,RPTOR
CLIP1,TUBB3
CLNS1A,PPP2CA
CLOCK,PPP2R5E
CLP1,NCBP2
CLP1,SLU7
CLSPN,ORC3
CLSPN,ORC5
CLTA,HLA-DRB5
CLTA,KDELR1
CLTA,RPS6KA5
CLTA,TF
CLTB,EPN1
CLTB,KDELR1
CLTB,TF
CLTC,EPN1
CLTC,HLA-DPA1
CLTC,HLA-DRB5
CLTC,RPS6KA5
CLTC,TF
CLTC,TGFBRAP1
CLTCL1,TF
CNOT2,SP3
CNTF,JAK1
CNTFR,JAK1
CNTN1,SP3
CNTRL,MZT2B
CNTRL,ODF2
COG1,CUX1
COG1,KDELR1
COG1,SPTB
COG2,CUX1
COG2,KDELR1
COG2,SPTB
COG3,CUX1
COG3,KDELR1
COG4,CUX1
COG4,KDELR1
COG5,CUX1
COG5,KDELR1
COG6,CUX1
COG6,KDELR1
COG7,CUX1
COG7,KDELR1
COG8,CUX1
COG8,KDELR1
COL10A1,FN1
COL10A1,PXN
COL11A1,FN1
COL11A1,PXN
COL11A2,FN1
COL11A2,PXN
COL12A1,FN1
COL12A1,PXN
COL13A1,FN1
COL13A1,PXN
COL14A1,FN1
COL14A1,PXN
COL15A1,FN1
COL15A1,PXN
COL16A1,FN1
COL16A1,PXN
COL17A1,FN1
COL17A1,PXN
COL18A1,NFIC
COL19A1,FN1
COL19A1,PXN
COL1A1,FN1
COL1A1,NFIC
COL1A1,PXN
COL1A1,SP3
COL1A1,TGFB1
COL1A2,FN1
COL1A2,PXN
COL2A1,FN1
COL2A1,PXN
COL2A1,SP3
COL3A1,FN1
COL3A1,PXN
COL4A1,FN1
COL4A1,PXN
COL4A2,FN1
COL4A2,PXN
COL4A3,FN1
COL4A3,PXN
COL4A4,FN1
COL4A4,PXN
COL4A5,FN1
COL4A5,PXN
COL4A6,FN1
COL4A6,PXN
COL5A1,FN1
COL5A1,LGALS3BP
COL5A1,PXN
COL5A2,FN1
COL5A2,PXN
COL5A3,FN1
COL5A3,PXN
COL6A1,FN1
COL6A1,LGALS3BP
COL6A1,PXN
COL6A2,FN1
COL6A2,PXN
COL6A3,FN1
COL6A3,PXN
COL7A1,FN1
COL7A1,PXN
COL8A1,FN1
COL8A1,PXN
COL8A2,FN1
COL8A2,PXN
COL9A1,FN1
COL9A1,PXN
COL9A2,FN1
COL9A2,PXN
COL9A3,FN1
COL9A3,PXN
COPA,KDELR1
COPA,SPTB
COPB1,KDELR1
COPB2,KDELR1
COPB2,SPTB
COPE,KDELR1
COPE,SPTB
COPG1,KDELR1
COPG2,KDELR1
COPS2,GTF2H2
COPS2,MCRS1
COPS2,XPC
COPS3,GTF2H2
COPS3,MCRS1
COPS3,XPC
COPS4,XPC
COPS5,GTF2H2
COPS5,MCRS1
COPS5,SLC30A9
COPS5,XPC
COPS6,XPC
COPS7A,GTF2H2
COPS7A,MCRS1
COPS7A,XPC
COPS7B,XPC
COPS8,XPC
COPZ1,KDELR1
COPZ1,SPTB
COPZ2,KDELR1
CPSF1,NCBP2
CPSF1,NUP205
CPSF1,SLU7
CPSF1,TAF5
CPSF2,NCBP2
CPSF2,NUP205
CPSF2,SLU7
CPSF3,NCBP2
CPSF3,NUP205
CPSF3,SLU7
CPSF4,NCBP2
CPSF4,NUP205
CPSF4,SLU7
CPSF6,NCBP2
CPSF7,NCBP2
CPSF7,SLU7
CRCP,NFIC
CRCP,NFIX
CRCP,ZNF143
CREB1,FN1
CREB1,HLA-DRB5
CREB1,NFIX
CREB1,POLG2
CREB1,PRKACB
CREB1,RPS6KA5
CREB1,TF
CREB1,TGFB1
CREB3,PRKACB
CREB3,RPS6KA5
CREB3L1,PRKACB
CREB3L1,RPS6KA5
CREB3L2,PRKACB
CREB3L2,RPS6KA5
CREB3L3,PRKACB
CREB3L3,RPS6KA5
CREB3L4,PRKACB
CREB3L4,RPS6KA5
CREB5,PRKACB
CREB5,RPS6KA5
CREBBP,MED10
CREBBP,MED11
CREBBP,MED17
CREBBP,NFIC
CREBBP,PDK1
CREBBP,PRKACB
CREBBP,SUPT7L
CREBBP,TF
CREBBP,TGFB1
CRK,DOCK5
CRK,ELMO2
CRK,FN1
CRK,KIT
CRK,MAP4K1
CRK,PXN
CRKL,DOCK5
CRKL,ELMO2
CRKL,KIT
CRKL,MAP4K1
CRKL,PTEN
CRKL,PXN
CRLF1,JAK1
CRLF2,JAK1
CRNKL1,NCBP2
CRNKL1,SLU7
CRX,SP3
CRY2,DYRK1A
CSE1L,KPNA1
CSE1L,KPNA2
CSE1L,KPNA3
CSE1L,KPNA4
CSE1L,KPNA5
CSE1L,KPNA6
CSE1L,KPNA7
CSE1L,PPP1R13B
CSE1L,RAN
CSE1L,TP53
CSE1L,TP53BP2
CSF1,KIT
CSF2,PRKACB
CSF2RA,JAK1
CSF2RA,PRKACB
CSF2RB,JAK1
CSF2RB,KIT
CSF2RB,PRKACB
CSF3,JAK1
CSF3,POU2F2
CSF3R,JAK1
CSH1,JAK1
CSH2,JAK1
CSK,FN1
CSK,HLA-DRB5
CSK,PXN
CSNK1A1,PPP2CA
CSNK1A1,PPP2R5E
CSNK1A1,PRKACB
CSNK1A1L,PPP2CA
CSNK1A1L,PPP2R5E
CSNK1A1L,PRKACB
CSNK1D,MZT2B
CSNK1D,ODF2
CSNK1D,PPP2CA
CSNK1D,PPP2R5E
CSNK1D,PRKACB
CSNK1D,SERPINA1
CSNK1E,MZT2B
CSNK1E,ODF2
CSNK1E,PPP2CA
CSNK1E,PPP2R5E
CSNK1E,PRKACB
CSNK1G1,CSNK1G2
CSNK1G1,PRKACB
CSNK1G2,CSNK2A1
CSNK1G2,CSNK2A2
CSNK1G2,CSNK2B
CSNK1G2,CTNNB1
CSNK1G2,DVL1
CSNK1G2,DVL2
CSNK1G2,DVL3
CSNK1G2,FBXW11
CSNK1G2,FOXO1
CSNK1G2,FRAT1
CSNK1G2,FRAT2
CSNK1G2,FZD1
CSNK1G2,FZD10
CSNK1G2,FZD2
CSNK1G2,FZD3
CSNK1G2,FZD4
CSNK1G2,FZD5
CSNK1G2,FZD6
CSNK1G2,FZD7
CSNK1G2,FZD8
CSNK1G2,FZD9
CSNK1G2,GLI2
CSNK1G2,GRK2
CSNK1G2,GRK3
CSNK1G2,GSK3B
CSNK1G2,LRP5
CSNK1G2,LRP5L
CSNK1G2,LRP6
CSNK1G2,LRRK2
CSNK1G2,MAP2K3
CSNK1G2,MOK
CSNK1G2,MTA1
CSNK1G2,NRG2
CSNK1G2,PPP2CA
CSNK1G2,PPP2CB
CSNK1G2,PPP2R5A
CSNK1G2,PPP2R5B
CSNK1G2,PPP2R5C
CSNK1G2,PPP2R5D
CSNK1G2,PPP2R5E
CSNK1G2,PPP6C
CSNK1G2,PRKACA
CSNK1G2,PRKACB
CSNK1G2,PRKACG
CSNK1G2,RAP1GAP
CSNK1G2,SAG
CSNK1G2,SFN
CSNK1G2,SMO
CSNK1G2,TP53
CSNK1G2,WNT1
CSNK1G2,WNT10A
CSNK1G2,WNT10B
CSNK1G2,WNT11
CSNK1G2,WNT16
CSNK1G2,WNT2
CSNK1G2,WNT2B
CSNK1G2,WNT3
CSNK1G2,WNT3A
CSNK1G2,WNT4
CSNK1G2,WNT5A
CSNK1G2,WNT5B
CSNK1G2,WNT6
CSNK1G2,WNT7A
CSNK1G2,WNT7B
CSNK1G2,WNT8A
CSNK1G2,WNT8B
CSNK1G2,WNT9A
CSNK1G2,WNT9B
CSNK1G2,YWHAB
CSNK1G2,YWHAE
CSNK1G2,YWHAG
CSNK1G2,YWHAH
CSNK1G2,YWHAQ
CSNK1G2,YWHAZ
CSNK1G3,PPP2CA
CSNK1G3,PPP2R5E
CSNK1G3,PRKACB
CSNK2A1,NFIC
CSNK2A1,PPP2CA
CSNK2A1,PPP2R5E
CSNK2A1,PRKACB
CSNK2A1,PTEN
CSNK2A1,SRC
CSNK2A1,SUPT6H
CSNK2A2,NFIC
CSNK2A2,PPP2CA
CSNK2A2,PPP2R5E
CSNK2A2,PTEN
CSNK2A3,PTEN
CSNK2B,PPP2CA
CSNK2B,PPP2R5E
CSNK2B,PTEN
CSNK2B,TGFB1
CSTA,KRT1
CSTF1,NCBP2
CSTF1,SLU7
CSTF2,NCBP2
CSTF2,SLU7
CSTF2T,NCBP2
CSTF2T,SLU7
CSTF3,NCBP2
CSTF3,SLU7
CTBP1,PHC3
CTCF,FN1
CTCF,NACC1
CTCF,TGFB1
CTDP1,GTF2H2
CTDP1,NCBP2
CTDP1,SUPT6H
CTF1,JAK1
CTNNA1,PXN
CTNNA1,SRC
CTNNAL1,PXN
CTNNB1,PPP2CA
CTNNB1,PPP2R5E
CTNNB1,PRKACB
CTNNB1,PTEN
CTNNB1,PXN
CTNNBL1,NCBP2
CTNNBL1,SLU7
CTNND1,SRC
CTR9,SUPT6H
CTSB,SP3
CTSD,HLA-DPA1
CTSD,HLA-DRB5
CTSF,HLA-DRB5
CTSL,HLA-DRB5
CTSL,SP3
CTSS,HLA-DPA1
CTSS,HLA-DRB5
CTSV,HLA-DRB5
CTTN,TF
CUL1,JAK2
CUL4A,GTF2H2
CUL4A,MCRS1
CUL4A,XPC
CUL4B,XPC
CUX1,GOLGA5
CUX1,GOLIM4
CUX1,GOSR1
CUX1,HMGB1
CUX1,MAX
CUX1,PIK3CA
CUX1,PIK3R1
CUX1,PLCG1
CUX1,RAB33B
CUX1,RB1
CUX1,SATB1
CUX1,STAT5A
CUX1,STAT5B
CUX1,STX5
CUX1,YKT6
CWC15,NCBP2
CWC15,SLU7
CWC22,NCBP2
CWC22,SLU7
CWC25,NCBP2
CWC25,SLU7
CWC27,NCBP2
CXCL1,PTEN
CXCL1,SP3
CXCL12,PXN
CXCL8,PPP2CA
CXCR2,PPP2CA
CXCR4,PXN
CYBA,TGFB1
CYLD,DDX58
CYP11A1,NFIC
CYP11A1,SP3
CYP17A1,NFIC
CYP17A1,PRKACB
CYP17A1,SP3
CYP19A1,PRKACB
CYP1A1,SP3
CYP1A2,NFIC
CYP24A1,PRKACB
CYP27A1,SP3
CYP27B1,NFIC
CYP27B1,PRKACB
CYP3A7,SP3
CYTH2,PTEN
DAB2IP,PPP2CA
DAP3,MRPL2
DAP3,MRPL34
DAP3,MRPS14
DAP3,MRPS33
DAP3,MTIF3
DAPP1,MAP4K1
DAXX,TGFB1
DBF4,ORC3
DBF4,ORC5
DBF4B,ORC5
DBNL,MAP4K1
DCN,FN1
DCN,TGFB1
DCP1A,NCBP2
DCP1A,PPP2CA
DCP1A,SMG1
DCTN1,HLA-DPA1
DCTN1,HLA-DRB5
DCTN1,KDELR1
DCTN1,MZT2B
DCTN1,ODF2
DCTN1,SPTB
DCTN1,TUBB3
DCTN2,HLA-DRB5
DCTN2,KDELR1
DCTN2,MZT2B
DCTN2,ODF2
DCTN3,HLA-DPA1
DCTN3,HLA-DRB5
DCTN3,KDELR1
DCTN3,MZT2B
DCTN3,ODF2
DCTN3,SPTB
DCTN3,TUBB3
DCTN4,HLA-DRB5
DCTN4,KDELR1
DCTN5,HLA-DRB5
DCTN5,KDELR1
DCTN6,HLA-DRB5
DCTN6,KDELR1
DDB1,GTF2H2
DDB1,MCRS1
DDB1,NFIC
DDB1,PTEN
DDB1,RPTOR
DDB1,TAF5
DDB1,XPC
DDB2,GTF2H2
DDB2,MCRS1
DDB2,NFIC
DDB2,XPC
DDX1,PXN
DDX17,DDX58
DDX17,POU2F2
DDX19A,DDX19B
DDX19B,NUP214
DDX20,NUP205
DDX23,NCBP2
DDX23,SLU7
DDX39A,MCM3AP
DDX39A,NCBP2
DDX39A,SLU7
DDX39B,NCBP2
DDX39B,SLU7
DDX3X,DDX58
DDX3X,SP3
DDX42,NCBP2
DDX42,SLU7
DDX46,NCBP2
DDX46,SLU7
DDX5,NCBP2
DDX5,SLU7
DDX5,SP3
DDX58,DDX60
DDX58,DHX58
DDX58,FADD
DDX58,FOXO3
DDX58,G3BP1
DDX58,G3BP2
DDX58,HERC5
DDX58,IFIH1
DDX58,IFIT3
DDX58,IKBKB
DDX58,IKBKE
DDX58,IKBKG
DDX58,IRF1
DDX58,IRF3
DDX58,IRF7
DDX58,IRF8
DDX58,IRGM
DDX58,ISG15
DDX58,ITCH
DDX58,MAP3K1
DDX58,MAP3K14
DDX58,MAVS
DDX58,NFKB1
DDX58,NLRC5
DDX58,NLRX1
DDX58,NOD2
DDX58,OASL
DDX58,OTUD5
DDX58,PCBP1
DDX58,PCBP2
DDX58,PRKRA
DDX58,PYCARD
DDX58,RIPK1
DDX58,RNF125
DDX58,RNF135
DDX58,RNF216
DDX58,SEC14L1
DDX58,SIGLEC10
DDX58,SIGLEC16
DDX58,SIKE1
DDX58,SRC
DDX58,STAT1
DDX58,STAT2
DDX58,TAL1
DDX58,TANK
DDX58,TBK1
DDX58,TFAP2C
DDX58,TMEM173
DDX58,TRAF2
DDX58,TRAF3
DDX58,TRAF6
DDX58,TRIM25
DDX58,TRIM32
DDX58,UBA7
DDX58,UBE2D3
DDX58,UBE2L6
DDX58,USP17L2
DDX58,USP21
DDX58,USP25
DDX58,WRNIP1
DDX58,ZC3HAV1
DEK,SP3
DHX15,NCBP2
DHX15,SLU7
DHX16,NCBP2
DHX16,SLU7
DHX38,NCBP2
DHX38,NUP205
DHX38,SLU7
DHX58,UBE2L6
DHX9,NCBP2
DHX9,SLU7
DIAPH2,MAD1L1
DIP2A,TGFB1
DKC1,SP3
DKFZP451O0517,PPP2CA
DKFZP666O0110,FN1
DKFZP666O0110,PRKACB
DKFZP666O0110,PTEN
DKFZP666O0110,PXN
DKFZP686J08252,TUBB3
DKFZP686L20222,PPP2R5E
DKFZP686N2325,PRKACB
DKFZP686N2325,RPS6KA5
DKFZP686O0451,TF
DKFZP762H177,MAD1L1
DKFZP781H1715,PRKACB
DLAT,PDK1
DLAT,PDK2
DLC1,TGFB1
DLD,PDK1
DLD,PDK2
DLG1,PTEN
DMAP1,MEAF6
DMAP1,VPS72
DMRT2,POU2F2
DMRT2,ZNF143
DNAH3,TUBB3
DNAH5,TUBB3
DNAH7,TUBB3
DNAH8,TUBB3
DNAI2,TUBB3
DNAJA1,PTEN
DNAJC6,TF
DNAJC8,NCBP2
DNAJC8,SLU7
DNAL4,TUBB3
DNASE2,SP3
DNM2,HLA-DRB5
DNM2,PPP2CA
DNM2,TF
DNMT3A,PHC3
DOCK1,ELMO2
DOCK1,PXN
DOCK2,SRC
DOCK4,ELMO2
DOCK5,ELMO1
DOCK5,HDAC6
DOCK5,PIK3CB
DOK1,KIT
DOK2,JAK1
DRD2,PPP2CA
DRD2,PPP2R5E
DSN1,MAD1L1
DSP,KRT1
DTX3,UBE2L6
DUSP1,PPP2CA
DVL1,MED17
DVL2,MED17
DVL2,PCBD1
DVL3,MED17
DYNC1H1,HLA-DPA1
DYNC1H1,HLA-DRB5
DYNC1H1,KDELR1
DYNC1H1,MAD1L1
DYNC1H1,MZT2B
DYNC1H1,NUP205
DYNC1H1,ODF2
DYNC1H1,SPTB
DYNC1H1,TUBB3
DYNC1I1,HLA-DRB5
DYNC1I1,KDELR1
DYNC1I1,MAD1L1
DYNC1I1,NUP205
DYNC1I1,TUBB3
DYNC1I2,HLA-DRB5
DYNC1I2,KDELR1
DYNC1I2,MAD1L1
DYNC1I2,MZT2B
DYNC1I2,NUP205
DYNC1I2,ODF2
DYNC1I2,TUBB3
DYNC1LI1,HLA-DPA1
DYNC1LI1,HLA-DRB5
DYNC1LI1,KDELR1
DYNC1LI1,MAD1L1
DYNC1LI1,NUP205
DYNC1LI1,SPTB
DYNC1LI1,TUBB3
DYNC1LI2,HLA-DPA1
DYNC1LI2,HLA-DRB5
DYNC1LI2,KDELR1
DYNC1LI2,MAD1L1
DYNC1LI2,NUP205
DYNC1LI2,SPTB
DYNC1LI2,TUBB3
DYNC2H1,TUBB3
DYNLL1,DYRK1A
DYNLL1,HLA-DPA1
DYNLL1,HLA-DRB5
DYNLL1,KDELR1
DYNLL1,MAD1L1
DYNLL1,MZT2B
DYNLL1,NUP205
DYNLL1,ODF2
DYNLL1,SPTB
DYNLL1,TUBB3
DYNLL2,HLA-DRB5
DYNLL2,KDELR1
DYNLL2,MAD1L1
DYNLL2,NUP205
DYNLL2,TUBB3
DYRK1A,EP300
DYRK1A,HIPK2
DYRK1A,ID2
DYRK1A,ISG15
DYRK1A,LATS2
DYRK1A,LIN37
DYRK1A,LIN52
DYRK1A,LIN54
DYRK1A,LIN9
DYRK1A,MAP3K1
DYRK1A,MAP3K5
DYRK1A,NTRK1
DYRK1A,RAD54L2
DYRK1A,RB1
DYRK1A,RBBP4
DYRK1A,RBL1
DYRK1A,SIRT1
DYRK1A,SMAD3
DYRK1A,SP3
DYRK1A,SPRED1
DYRK1A,SPRED2
DYRK1A,SRSF2
DYRK1A,SRSF4
DYRK1A,SRSF8
DYRK1A,TBP
DYRK1A,WTAP
DYRK1A,XPO1
DYRK1A,YWHAB
DYRK1A,YWHAE
DZIP1,PPP2R5E
E2F1,SP3
E2F3,POU2F2
E2F3,VPS72
E2F6,POU2F2
E2F6,SP3
EAF1,NCBP2
EAF1,SUPT6H
EAF1,ZNF143
EAF2,NCBP2
EAF2,SUPT6H
EBF1,MED10
EBF1,MED11
EBF1,MED17
EBF1,POU2F2
EBF1,TGFB1
EBI3,JAK1
EBI3,POU2F2
ECM1,FN1
ECSCR,PTEN
ECSIT,NDUFAF7
EDN1,NFIC
EED,KRT1
EEF1A1,PPP2CA
EEF2,PTEN
EFNA1,KIT
EFNA2,KIT
EFNA3,KIT
EFNA4,KIT
EFNA5,KIT
EFNB1,PXN
EFNB2,PXN
EFNB3,PXN
EFNB3,TUBB3
EFS,PXN
EFTUD2,NCBP2
EFTUD2,SLU7
EGF,KIT
EGF,PPP2CA
EGF,PXN
EGFR,FN1
EGFR,JAK1
EGFR,MAP4K1
EGFR,PPP2CA
EGFR,PPP2R5E
EGFR,PXN
EGFR,SMG1
EGFR,TGFB1
EGR1,EPX
EGR1,FN1
EGR1,NFIC
EGR1,NFIX
EGR1,POU2F2
EGR1,PTEN
EGR1,TGFB1
EGR2,POU2F2
EHD1,EPN1
EHD1,STX3
EHF,POU2F2
EHMT1,PRKACB
EHMT2,PRKACB
EIF1AY,EIF5B
EIF2AK2,JAK1
EIF2AK2,PTEN
EIF3A,PTEN
EIF4A1,RPTOR
EIF4A1,UBE2L6
EIF4A2,UBE2L6
EIF4A3,NCBP2
EIF4A3,NUP205
EIF4A3,PPP2CA
EIF4A3,SLU7
EIF4A3,SMG1
EIF4A3,UBE2L6
EIF4E,NUP205
EIF4E,PPP2CA
EIF4E,RPTOR
EIF4E,UBE2L6
EIF4E2,UBE2L6
EIF4E3,UBE2L6
EIF4EBP1,RPS6KA5
EIF4EBP1,RPTOR
EIF4G1,NCBP2
EIF4G1,PPP2CA
EIF4G1,SMG1
EIF4G1,UBE2L6
EIF4G2,UBE2L6
EIF4G3,UBE2L6
EIF5B,FAU
EIF5B,RPL10
EIF5B,RPL10A
EIF5B,RPL11
EIF5B,RPL12
EIF5B,RPL13
EIF5B,RPL13A
EIF5B,RPL14
EIF5B,RPL15
EIF5B,RPL17
EIF5B,RPL18
EIF5B,RPL18A
EIF5B,RPL19
EIF5B,RPL21
EIF5B,RPL22
EIF5B,RPL23
EIF5B,RPL23A
EIF5B,RPL24
EIF5B,RPL26
EIF5B,RPL27
EIF5B,RPL27A
EIF5B,RPL28
EIF5B,RPL29
EIF5B,RPL3
EIF5B,RPL30
EIF5B,RPL31
EIF5B,RPL32
EIF5B,RPL34
EIF5B,RPL35
EIF5B,RPL35A
EIF5B,RPL36
EIF5B,RPL36A
EIF5B,RPL37
EIF5B,RPL37A
EIF5B,RPL38
EIF5B,RPL39
EIF5B,RPL4
EIF5B,RPL41
EIF5B,RPL5
EIF5B,RPL6
EIF5B,RPL7
EIF5B,RPL7A
EIF5B,RPL8
EIF5B,RPL9
EIF5B,RPLP0
EIF5B,RPLP1
EIF5B,RPLP2
EIF5B,RPS10
EIF5B,RPS11
EIF5B,RPS12
EIF5B,RPS13
EIF5B,RPS14
EIF5B,RPS15
EIF5B,RPS15A
EIF5B,RPS16
EIF5B,RPS17
EIF5B,RPS18
EIF5B,RPS19
EIF5B,RPS2
EIF5B,RPS20
EIF5B,RPS21
EIF5B,RPS23
EIF5B,RPS24
EIF5B,RPS25
EIF5B,RPS26
EIF5B,RPS27
EIF5B,RPS27A
EIF5B,RPS28
EIF5B,RPS29
EIF5B,RPS3
EIF5B,RPS3A
EIF5B,RPS4X
EIF5B,RPS4Y1
EIF5B,RPS5
EIF5B,RPS6
EIF5B,RPS7
EIF5B,RPS8
EIF5B,RPS9
EIF5B,RPSA
EIF5B,UBA52
ELANE,SERPINA1
ELAVL1,NCBP2
ELAVL1,SLU7
ELAVL2,NCBP2
ELAVL2,SLU7
ELF1,MED10
ELK3,SP3
ELK4,MED17
ELL,NCBP2
ELL,POU2F2
ELL,SUPT6H
ELL,ZNF143
ELL2,NCBP2
ELL2,POU2F2
ELL2,ZNF143
ELL3,NCBP2
ELL3,POU2F2
ELL3,ZNF143
ELMO1,PXN
ELMO2,EPHA2
ELMO2,FCGR1A
ELMO2,FCGR2A
ELMO2,FCGR3A
ELMO2,HSP90AA1
ELMO2,IGHG1
ELMO2,IGHG2
ELMO2,IGHG3
ELMO2,IGHG4
ELMO2,IGHV
ELMO2,IGHV1-2
ELMO2,IGHV1-46
ELMO2,IGHV1-69
ELMO2,IGHV2-5
ELMO2,IGHV2-70
ELMO2,IGHV3-11
ELMO2,IGHV3-13
ELMO2,IGHV3-23
ELMO2,IGHV3-30
ELMO2,IGHV3-33
ELMO2,IGHV3-48
ELMO2,IGHV3-53
ELMO2,IGHV3-7
ELMO2,IGHV3-9
ELMO2,IGHV4-34
ELMO2,IGHV4-39
ELMO2,IGHV4-59
ELMO2,IGHV7-81
ELMO2,IGKC
ELMO2,IGKV1-12
ELMO2,IGKV1-16
ELMO2,IGKV1-17
ELMO2,IGKV1-33
ELMO2,IGKV1-39
ELMO2,IGKV1-5
ELMO2,IGKV1D-12
ELMO2,IGKV1D-16
ELMO2,IGKV2-29
ELMO2,IGKV2-30
ELMO2,IGKV2D-28
ELMO2,IGKV2D-30
ELMO2,IGKV2D-40
ELMO2,IGKV3-11
ELMO2,IGKV3-15
ELMO2,IGKV3-20
ELMO2,IGKV3D-20
ELMO2,IGKV4-1
ELMO2,IGKV5-2
ELMO2,IGLC1
ELMO2,IGLC2
ELMO2,IGLC3
ELMO2,IGLC6
ELMO2,IGLC7
ELMO2,IGLV
ELMO2,IGLV1-40
ELMO2,IGLV1-44
ELMO2,IGLV1-47
ELMO2,IGLV1-51
ELMO2,IGLV2-11
ELMO2,IGLV2-14
ELMO2,IGLV2-23
ELMO2,IGLV2-8
ELMO2,IGLV3-1
ELMO2,IGLV3-19
ELMO2,IGLV3-21
ELMO2,IGLV3-25
ELMO2,IGLV3-27
ELMO2,IGLV6-57
ELMO2,IGLV7-43
ELMO2,ILK
ELMO2,KDR
ELMO2,PTK2
ELMO2,PXN
ELMO2,RAC1
ELMO2,RAC2
ELMO2,RAC3
ELMO2,RHOG
ELMO2,SHB
ELMO2,SRC
ELMO2,SYK
ELMO2,V1-11
ELMO2,V1-13
ELMO2,V1-16
ELMO2,V1-20
ELMO2,V1-3
ELMO2,V1-5
ELMO2,V1-7
ELMO2,V1-9
ELMO2,V2-11
ELMO2,V2-15
ELMO2,V2-17
ELMO2,V2-19
ELMO2,V2-8
ELMO2,V3-2
ELMO2,V3-3
ELMO2,V3-4
ELMO2,V4-1
ELMO2,V4-2
ELMO2,V4-6
ELMO2,V5-1
ELMO2,V5-4
ELMO2,V5-6
ELMO2,VEGFA
ELN,NFIC
ELOA,SUPT6H
ELOA2,SUPT6H
ELOA3,SUPT6H
ELOB,SUPT6H
ELOC,SUPT6H
EML4,JAK1
EML4,JAK2
EML4,MAD1L1
EMX2,MED17
ENG,TGFB1
ENY2,MCM3AP
ENY2,SUPT7L
EP300,EP400
EP300,GTF2H2
EP300,MED10
EP300,MED11
EP300,MED17
EP300,MED23
EP300,NFIC
EP300,PDK1
EP300,POU2F2
EP300,PPP2CA
EP300,PRKACB
EP300,SP3
EP300,SRC
EP300,SUPT7L
EP300,TF
EP300,TGFB1
EP400,HIRA
EP400,KAT5
EP400,MEAF6
EP400,RB1
EP400,RUVBL1
EP400,VPS72
EP400,YEATS4
EPAS1,MED10
EPAS1,MED11
EPAS1,MED17
EPAS1,TGFB1
EPC1,MEAF6
EPC1,VPS72
EPGN,PXN
EPHA1,SMG1
EPHB1,PTEN
EPHB1,PXN
EPN1,EPS15L1
EPN1,FNBP1
EPN1,GAK
EPN1,GAPVD1
EPN1,GRB2
EPN1,HGS
EPN1,OCRL
EPN1,PACSIN2
EPN1,RALBP1
EPN1,REPS1
EPN1,STAM
EPN1,UBQLN2
EPO,JAK1
EPO,KIT
EPOR,JAK1
EPOR,KIT
EPS15,TF
EPX,GFER
EPX,HIF1A
EPX,NFKB1
EPX,SMAD3
EPX,SMAD4
ERAL1,MRPL2
ERAL1,MRPL34
ERAL1,MRPS14
ERAL1,MTIF3
ERBB2,JAK1
ERBB2,TGFB1
ERBB3,JAK1
ERBB3,LGALS3BP
ERBB3,PTEN
ERCC2,NCBP2
ERCC2,POU2F2
ERCC2,SUPT6H
ERCC2,XPC
ERCC3,NCBP2
ERCC3,SUPT6H
ERCC3,XPC
ERCC4,GTF2H2
ERCC4,XPC
ERCC5,GTF2H2
ERCC6L,MAD1L1
EREG,KIT
EREG,PXN
ESPL1,MAD1L1
ESPL1,PPP2CA
ESR1,NFIC
ESR1,PRKACB
ESR1,SLC30A9
ESR1,SP3
ESR2,PRKACB
ESRP1,NCBP2
ESRP2,NCBP2
ETF1,NCBP2
ETF1,PPP2CA
ETF1,SMG1
ETF1,SP3
ETS1,JAK1
ETS1,POU2F2
ETS1,XPC
EVPL,KRT1
EXO1,SP3
EXOC1,MON2
EXOC2,KDELR1
EXPH5,RAB27B
EYA1,GMEB1
EZH2,PTEN
EZH2,RPS6KA5
EZR,PRKACB
F11R,TGFB1
F12,KRT1
F13A1,NFIC
F2,SP3
F2R,SP3
F3,NFIC
F3,SP3
FABP4,MED10
FABP4,MED11
FABP4,MED17
FADD,MAP2K4
FAF1,MAP2K4
FAM120B,MED10
FAM120B,MED11
FAM120B,MED17
FAM120B,MED23
FAM120B,TGFB1
FAM20A,FN1
FAM20A,SERPINA1
FAM20A,TF
FAM20C,FN1
FAM20C,SERPINA1
FAM20C,TF
FAS,LGALS1
FAS,SRC
FASLG,FN1
FAU,NCBP2
FAU,PPP2CA
FAU,SMG1
FBF1,ODF2
FBLN1,FN1
FBXL16,PPP2CA
FBXO2,SAE1
FBXO43,PPP2CA
FBXW11,PPP2CA
FBXW11,PPP2R5E
FBXW7,MED10
FBXW7,MED11
FBXW7,PTEN
FBXW7,TGFB1
FBXW8,MAP4K1
FCHO1,TF
FCHO2,TF
FER,JAK1
FER,KIT
FES,JAK1
FES,KIT
FGF1,KIT
FGF10,KIT
FGF16,KIT
FGF17,KIT
FGF18,KIT
FGF19,KIT
FGF2,KIT
FGF20,KIT
FGF21,KIT
FGF22,KIT
FGF23,KIT
FGF3,KIT
FGF3,TMED1
FGF4,KIT
FGF5,KIT
FGF6,KIT
FGF7,KIT
FGF8,KIT
FGF9,KIT
FGFR1OP,MZT2B
FGFR1OP,ODF2
FGFR2,JAK1
FGFR3,JAK1
FGR,PXN
FIP1L1,NCBP2
FIP1L1,NUP205
FIP1L1,SLU7
FIS1,PEX3
FKBP1A,TGFB1
FLJ00323,ORC3
FLJ00323,ORC5
FLNA,FN1
FLNA,PXN
FLNB,FN1
FLNB,PXN
FLNB,UBE2L6
FLT3LG,KIT
FLT4,FN1
FMOD,TGFB1
FN1,FYN
FN1,GATA2
FN1,GIT1
FN1,GRB2
FN1,HRG
FN1,IGF1
FN1,IGF1R
FN1,IRS1
FN1,ITGA1
FN1,ITGA10
FN1,ITGA11
FN1,ITGA2
FN1,ITGA2B
FN1,ITGA3
FN1,ITGA4
FN1,ITGA5
FN1,ITGA6
FN1,ITGA7
FN1,ITGA7 VARIANT PROTEIN
FN1,ITGA8
FN1,ITGA9
FN1,ITGAD
FN1,ITGAE
FN1,ITGAL
FN1,ITGAM
FN1,ITGAV
FN1,ITGAX
FN1,ITGB1
FN1,ITGB2
FN1,ITGB3
FN1,ITGB4
FN1,ITGB5
FN1,ITGB6
FN1,ITGB7
FN1,ITGB8
FN1,ITGBL1
FN1,JUN
FN1,LGALS3BP
FN1,LGALS9
FN1,LIMS1
FN1,LIMS2
FN1,LOX
FN1,LOXL3
FN1,MAG
FN1,MFAP2
FN1,MICALL1
FN1,MMP2
FN1,MYC
FN1,MYH2
FN1,NFIC
FN1,NFKB1
FN1,NR0B2
FN1,PARVA
FN1,PARVB
FN1,PDGFA
FN1,PLAU
FN1,PLAUR
FN1,POTEKP
FN1,PRKACA
FN1,PRKACB
FN1,PRKAR1A
FN1,PRKAR1B
FN1,PRKCA
FN1,PTK2
FN1,PTK2B
FN1,PTPN1
FN1,PTPRA
FN1,PXN
FN1,RAC1
FN1,RAP1A
FN1,RAP1B
FN1,RARA
FN1,RELA
FN1,RHOA
FN1,SDC1
FN1,SDC2
FN1,SDC4
FN1,SIGLEC10
FN1,SIGLEC11
FN1,SIGLEC12
FN1,SIGLEC14
FN1,SIGLEC16
FN1,SIGLEC5
FN1,SIGLEC6
FN1,SIGLEC7
FN1,SIGLEC8
FN1,SIGLEC9
FN1,SIGLECL1
FN1,SOS1
FN1,SP1
FN1,SRC
FN1,SYK
FN1,TAL1
FN1,TEK
FN1,TGM2
FN1,THBS1
FN1,TLN1
FN1,TNC
FN1,TNFAIP6
FN1,TTN
FN1,VCL
FN1,VEGFD
FN1,YWHAZ
FNBP1,TF
FNBP1L,TF
FNTB,RABGGTA
FOS,MED17
FOS,NFATC2IP
FOS,NFIC
FOS,PRKACB
FOS,RFX1
FOS,TGFB1
FOS,ZNF143
FOSB,VEZF1
FOXA1,NFIC
FOXA2,GMEB1
FOXA2,NFIC
FOXA2,NFIX
FOXA2,TF
FOXA3,NFIC
FOXJ1,RFX1
FOXL2,GMEB1
FOXN2,RFX1
FOXN3,RFX1
FOXO1,JAK1
FOXO1,PRKACB
FOXO3,PPP2CA
FOXO3,PRKACB
FOXP3,NACC1
FOXP3,TGFB1
FOXP3,VEZF1
FRAT1,PPP2CA
FRAT1,PPP2R5E
FRAT2,PPP2CA
FRAT2,PPP2R5E
FRK,PTEN
FST,TGFB1
FUBP1,SP3
FURIN,TGFB1
FUS,NCBP2
FUS,POU2F2
FUS,SLU7
FXYD1,PRKACB
FXYD2,PRKACB
FYN,JAK1
FYN,KIT
FYN,MAP4K1
FYN,PXN
FZR1,MAD1L1
FZR1,PTEN
G3BP1,NCBP2
G3BP1,RPTOR
G3BP2,NCBP2
GAB1,JAK1
GAB1,KIT
GAB1,PTEN
GAB1,PXN
GAB2,JAK1
GAB2,KIT
GABARAP,PRKACB
GABARAP,TUBB3
GABARAPL1,PRKACB
GABARAPL2,PRKACB
GABPA,MED10
GABPA,POU2F2
GABPA,SP3
GADD45B,POU2F2
GADD45GIP1,MRPL2
GADD45GIP1,MRPL34
GADD45GIP1,MRPS14
GADD45GIP1,MTIF3
GAK,TF
GAPVD1,TF
GAS7,ZNF143
GATA1,MED17
GATA3,POU2F2
GATAD2A,NACC1
GBF1,KDELR1
GBF1,SPTB
GCK,NUP205
GCKR,NUP205
GDAP1,PEX3
GDI1,RABGGTA
GDI2,RABGGTA
GDNF,PXN
GEMIN2,NUP205
GEMIN4,NUP205
GEMIN5,NUP205
GEMIN6,NUP205
GEMIN7,NUP205
GEMIN8,NUP205
GFAP,NFIC
GFI1,POU2F2
GFM1,MRPL2
GFM1,MRPL34
GFM1,MRPS14
GFM1,MRPS33
GFM2,MRPL2
GFM2,MRPL34
GFM2,MRPS14
GFRA1,PXN
GGA3,KDELR1
GH1,JAK1
GH2,JAK1
GH2,NFIC
GHR,JAK1
GIT1,PXN
GIT1,SRC
GIT2,PXN
GIT2,SRC
GJA1,PRKACB
GJA1,TUBB3
GJD2,PRKACB
GK,PPARG
GK,RXRA
GK,RXRB
GK,RXRG
GLE1,NCBP2
GLE1,NUP205
GLI1,PRKACB
GLI2,PRKACB
GLI3,PRKACB
GLP1R,SP3
GMEB1,GMEB2
GMEB1,ISL1
GMEB1,ISL2
GMEB1,NCOA1
GMEB1,NCOA2
GMEB1,NCOA3
GMEB1,NFIA
GMEB1,NFIB
GMEB1,NFIC
GMEB1,NFIX
GMEB1,NFKB1
GMEB1,SAMD11
GMEB1,SMAD1
GMEB1,SMAD3
GMEB1,SNIP1
GMEB1,VAX2
GMEB1,XBP1
GMEB2,NFIC
GMEB2,NFIX
GNA13,SRC
GNAI1,PRKACB
GNAI1,PXN
GNAI2,PRKACB
GNAI2,PTEN
GNAI2,PXN
GNAI3,PRKACB
GNAI3,PXN
GNAO1,PRKACB
GNAO1,PXN
GNAS,SRC
GNAZ,PXN
GNB1,JAK2
GNB1,PRKACB
GNB1,PXN
GNB1,SRC
GNB2,PRKACB
GNB3,PRKACB
GNB4,PRKACB
GNB5,PRKACB
GNE,LGALS3BP
GNG10,PRKACB
GNG11,PRKACB
GNG12,PRKACB
GNG13,PRKACB
GNG2,PRKACB
GNG2,PXN
GNG3,PRKACB
GNG4,PRKACB
GNG5,PRKACB
GNG7,PRKACB
GNG8,PRKACB
GNGT1,PRKACB
GNGT2,PRKACB
GNRH1,NFIC
GOLGA2,KDELR1
GOLGA2,SERPINA1
GOLGB1,KDELR1
GOLGB1,SPTB
GOLT1B,LGALS1
GORASP1,KDELR1
GORASP1,SERPINA1
GOSR1,KDELR1
GOSR2,KDELR1
GOSR2,SERPINA1
GOT1,NFIC
GPC1,PTEN
GPC4,PTEN
GPD2,SP3
GPKOW,NCBP2
GPKOW,SLU7
GPR183,POU2F2
GPS1,GTF2H2
GPS1,MCRS1
GPS1,XPC
GPS2,MED17
GRAP,KIT
GRAP2,HLA-DRB5
GRAP2,KIT
GRAP2,MAP4K1
GRB10,KIT
GRB2,JAK1
GRB2,JAK2
GRB2,KIT
GRB2,MAP4K1
GRB2,PPP2CA
GRB2,PTEN
GRB2,PXN
GRB2,SPTB
GRB2,SRC
GRB7,KIT
GRHL2,POU2F2
GRHL3,POU2F2
GRIA1,PRKACB
GRIA2,PRKACB
GRIA3,PRKACB
GRIA4,PRKACB
GRIN1,PRKACB
GRIN2A,PRKACB
GRIN2B,PRKACB
GRIN2C,PRKACB
GRIN2D,PRKACB
GRIN3A,PRKACB
GRIN3B,PRKACB
GRN,TGFB1
GSK3A,PRKACB
GSK3B,PPP2CA
GSK3B,PPP2R5E
GSK3B,PRKACB
GSPT1,NCBP2
GSPT1,PPP2CA
GSPT1,SMG1
GSPT2,NCBP2
GSPT2,PPP2CA
GSPT2,SMG1
GSS,TBCB
GSS,TP53
GTF2A1,GTF2H2
GTF2A1,NCBP2
GTF2A1,POU2F2
GTF2A1,TAF5
GTF2A1,ZNF143
GTF2A2,GTF2H2
GTF2A2,NCBP2
GTF2A2,POU2F2
GTF2A2,TAF5
GTF2A2,ZNF143
GTF2B,GTF2H2
GTF2B,NCBP2
GTF2B,POU2F2
GTF2B,TAF5
GTF2B,ZNF143
GTF2E1,NCBP2
GTF2E1,POU2F2
GTF2E1,ZNF143
GTF2E2,NCBP2
GTF2E2,POU2F2
GTF2E2,ZNF143
GTF2F1,GTF2H2
GTF2F1,NCBP2
GTF2F1,POU2F2
GTF2F1,SLU7
GTF2F1,SUPT6H
GTF2F1,TAF5
GTF2F1,ZNF143
GTF2F2,GTF2H2
GTF2F2,NCBP2
GTF2F2,POU2F2
GTF2F2,SLU7
GTF2F2,SUPT6H
GTF2F2,TAF5
GTF2F2,ZNF143
GTF2H1,NCBP2
GTF2H1,SUPT6H
GTF2H1,XPC
GTF2H2,IWS1
GTF2H2,LEO1
GTF2H2,MLLT1
GTF2H2,NCBP1
GTF2H2,NCBP2
GTF2H2,NELFA
GTF2H2,NELFB
GTF2H2,NELFCD
GTF2H2,PCNA
GTF2H2,POLD1
GTF2H2,POLD2
GTF2H2,POLR1B
GTF2H2,POLR1D
GTF2H2,POLR1E
GTF2H2,POLR2A
GTF2H2,POLR2B
GTF2H2,POLR2C
GTF2H2,POLR2E
GTF2H2,POLR2G
GTF2H2,POLR2H
GTF2H2,POLR2L
GTF2H2,PPIE
GTF2H2,RAD23B
GTF2H2,RFC2
GTF2H2,RFC3
GTF2H2,RFC4
GTF2H2,RFC5
GTF2H2,RNGTT
GTF2H2,RNMT
GTF2H2,RPA1
GTF2H2,RPA2
GTF2H2,RPA3
GTF2H2,RTF1
GTF2H2,SP1
GTF2H2,SRA1
GTF2H2,SUMO1
GTF2H2,SUMO2
GTF2H2,SUPT16H
GTF2H2,SUPT5H
GTF2H2,SUPT6H
GTF2H2,TAF15
GTF2H2,TCEA1
GTF2H2,TWISTNB
GTF2H2,USP7
GTF2H2,WDR61
GTF2H2,XAB2
GTF2H2,XPC
GTF2H2,XRCC1
GTF2H3,NCBP2
GTF2H3,SUPT6H
GTF2H3,XPC
GTF2H4,NCBP2
GTF2H4,SUPT6H
GTF2H4,XPC
GTF2H5,NCBP2
GTF2H5,SUPT6H
GTF2H5,XPC
GTF2I,PPP2CA
GTF3C1,NFIC
GTF3C2,NFIC
GTPBP4,RPF1
GUCY1B1,NFIC
GYS1,PRKACB
GYS2,PRKACB
H1-1,PPP2CA
H1-1,ZNF22
H1-2,ZNF22
H2AC4,PTEN
H2AFX,PPP2CA
H2AZ1,VPS72
H3-3A,PHC3
H3-3A,RPS6KA5
H3C1,MEAF6
H3C1,PHC3
H3C1,RPS6KA5
H3F3C,RPS6KA5
H4C1,MEAF6
H4C1,MSL1
H4C1,PHC3
H4C1,VPS72
HAP1,TUBB3
HARS,HARS2
HAUS1,MAD1L1
HAUS1,MZT2B
HAUS1,ODF2
HAUS2,MZT2B
HAUS2,ODF2
HAUS3,MZT2B
HAUS3,ODF2
HAUS4,MZT2B
HAUS4,ODF2
HAUS5,MZT2B
HAUS5,ODF2
HAUS6,MZT2B
HAUS6,ODF2
HAUS7,MZT2B
HAUS7,ODF2
HAUS8,MZT2B
HAUS8,ODF2
HBA1,HLA-DPA1
HBA1,HP
HBA1,NFIC
HBB,HP
HBB,VPS37A
HBEGF,PXN
HCC5,ORC3
HCC5,ORC5
HCK,JAK1
HCK,PXN
HDAC1,MAD1L1
HDAC1,RFX1
HDAC1,SP3
HDAC2,NACC1
HDAC2,PTEN
HDAC2,SP3
HDAC3,MED10
HDAC3,MED11
HDAC3,MED17
HDAC3,MED23
HDAC3,NACC1
HDAC4,NACC1
HDAC4,NUP205
HDAC4,PPP2CA
HDAC6,VPS37A
HELZ2,MED10
HELZ2,MED11
HELZ2,MED17
HELZ2,TGFB1
HERC5,JAK1
HERC5,UBE2L6
HEY1,NACC1
HFE,TF
HGF,KIT
HGS,SRC
HGS,VPS37A
HIF1A,PDK1
HIF1A,TF
HIF1A,TGFB1
HIKESHI,NUP205
HINT2,PPP2CA
HIP1,TF
HIP1R,TF
HIRA,NFU1
HIST2H3A,PHC3
HIST2H3A,RPS6KA5
HIST3H3,RPS6KA5
HLA-DMA,HLA-DRB5
HLA-DMB,HLA-DRB5
HLA-DOA,HLA-DRB5
HLA-DOB,HLA-DRB5
HLA-DOB,POU2F2
HLA-DPA1,HLA-DRA
HLA-DPA1,HLA-DRB1
HLA-DPA1,HLA-DRB3
HLA-DPA1,HLA-DRB5
HLA-DPA1,HLA-F
HLA-DPA1,ISG20
HLA-DPA1,KIF22
HLA-DPA1,KIF2A
HLA-DPA1,KIF4A
HLA-DPA1,OSBPL1A
HLA-DPA1,PTPN11
HLA-DPA1,RAC2
HLA-DPA1,SEC24A
HLA-DPA1,SEC24B
HLA-DPA1,SEC24D
HLA-DPA1,STAT1
HLA-DPB1,HLA-DRB5
HLA-DQA1,HLA-DRB5
HLA-DQA2,HLA-DRB5
HLA-DQB1,HLA-DRB5
HLA-DQB2,HLA-DRB5
HLA-DRA,HLA-DRB5
HLA-DRA,JAK2
HLA-DRA,MAP4K1
HLA-DRA,POU2F2
HLA-DRB1,HLA-DRB5
HLA-DRB1,JAK2
HLA-DRB1,MAP4K1
HLA-DRB3,HLA-DRB5
HLA-DRB4,HLA-DRB5
HLA-DRB5,KIF11
HLA-DRB5,KIF15
HLA-DRB5,KIF18A
HLA-DRB5,KIF22
HLA-DRB5,KIF23
HLA-DRB5,KIF26A
HLA-DRB5,KIF2A
HLA-DRB5,KIF2B
HLA-DRB5,KIF2C
HLA-DRB5,KIF3A
HLA-DRB5,KIF3B
HLA-DRB5,KIF3C
HLA-DRB5,KIF4A
HLA-DRB5,KIF4B
HLA-DRB5,KIF5A
HLA-DRB5,KIFAP3
HLA-DRB5,KLC1
HLA-DRB5,KLC2
HLA-DRB5,LAG3
HLA-DRB5,LAT
HLA-DRB5,LCK
HLA-DRB5,LCP2
HLA-DRB5,LGMN
HLA-DRB5,MHC2TA
HLA-DRB5,NFYA
HLA-DRB5,NFYB
HLA-DRB5,NFYC
HLA-DRB5,OSBPL1A
HLA-DRB5,PAG1
HLA-DRB5,PDCD1
HLA-DRB5,PDCD1LG2
HLA-DRB5,PLCG1
HLA-DRB5,PRKCQ
HLA-DRB5,PTPN11
HLA-DRB5,PTPN22
HLA-DRB5,PTPN6
HLA-DRB5,PTPRC
HLA-DRB5,PTPRJ
HLA-DRB5,RAB7A
HLA-DRB5,RACGAP1
HLA-DRB5,RFX5
HLA-DRB5,RFXANK
HLA-DRB5,RFXAP
HLA-DRB5,RILP
HLA-DRB5,SAR1B
HLA-DRB5,SEC13
HLA-DRB5,SEC23A
HLA-DRB5,SEC24A
HLA-DRB5,SEC24B
HLA-DRB5,SEC24C
HLA-DRB5,SEC24D
HLA-DRB5,SEC31A
HLA-DRB5,SH3GL2
HLA-DRB5,SPTBN2
HLA-DRB5,STAT1
HLA-DRB5,TRAC
HLA-DRB5,TRAV19
HLA-DRB5,TRAV29DV5
HLA-DRB5,TRAV8-4
HLA-DRB5,TRBC1
HLA-DRB5,TRBV12-3
HLA-DRB5,TRBV7-9
HLA-DRB5,ZAP70
HLTF,SP3
HMBOX1,VPS72
HMGA1,NUP205
HMGA2,SP3
HMGB1,NFIC
HMGB1,RFX1
HMGB2,POU2F2
HMGN1,RPS6KA5
HMGN3,RPS6KA5
HMMR,ODF2
HMOX1,NFIC
HNF1A,PCBD1
HNF1B,PCBD1
HNF4A,NACC1
HNF4A,SERPINA1
HNF4A,TF
HNRNPA0,NCBP2
HNRNPA0,SLU7
HNRNPA1,NCBP2
HNRNPA1,NFIC
HNRNPA1,SLU7
HNRNPA2B1,NCBP2
HNRNPA2B1,SLU7
HNRNPA3,NCBP2
HNRNPA3,SLU7
HNRNPC,NCBP2
HNRNPC,NUP205
HNRNPC,SLU7
HNRNPD,NCBP2
HNRNPD,SLU7
HNRNPF,NCBP2
HNRNPF,SLU7
HNRNPH1,NCBP2
HNRNPH1,SLU7
HNRNPH2,NCBP2
HNRNPH2,SLU7
HNRNPK,NCBP2
HNRNPK,PHC3
HNRNPK,PTEN
HNRNPK,SLU7
HNRNPK,SRC
HNRNPK,VEZF1
HNRNPL,NCBP2
HNRNPL,SLU7
HNRNPM,NCBP2
HNRNPM,SLU7
HNRNPR,NCBP2
HNRNPR,SLU7
HNRNPU,NCBP2
HNRNPU,SLU7
HNRNPUL1,NCBP2
HNRNPUL1,SLU7
HOXA1,TGFB1
HOXB7,SP3
HOXC4,POU2F2
HP,TBL1X
HPRT1,PRPS1
HRAS,JAK1
HRAS,KIT
HRAS,NFIC
HRAS,PPP2CA
HSD11B2,NFIC
HSD17B1,PRKACB
HSD17B1,SP3
HSD17B2,PRKACB
HSD17B7,PRKACB
HSD3B1,PRKACB
HSD3B2,PRKACB
HSF2BP,VEZF1
HSP90AA1,JAK2
HSP90AA1,MZT2B
HSP90AA1,ODF2
HSP90AA1,PPIL2
HSP90AA1,PXN
HSP90AA1,SRC
HSP90AB1,JAK2
HSP90AB1,PTEN
HSP90AB1,SRC
HSPA1B,NFIC
HSPA1B,NUP205
HSPA1B,PTEN
HSPA2,TGFBRAP1
HSPA5,PTEN
HSPA8,NCBP2
HSPA8,PTEN
HSPA8,SLU7
HSPA8,TF
HSPA8,VPS37A
HSPA9,NFU1
HSPD1,PTEN
HTT,TUBB3
HZGJ,TAF5
ICE1,NCBP2
ICE1,POU2F2
ICE1,ZNF143
ICE2,NCBP2
ICE2,POU2F2
ICE2,ZNF143
IER3,PPP2CA
IFIH1,NLRX1
IFIT1,UBE2L6
IFNA1,JAK1
IFNA10,JAK1
IFNA13,JAK1
IFNA14,JAK1
IFNA16,JAK1
IFNA17,JAK1
IFNA2,JAK1
IFNA21,JAK1
IFNA4,JAK1
IFNA5,JAK1
IFNA6,JAK1
IFNA7,JAK1
IFNA8,JAK1
IFNAR1,JAK1
IFNAR2,JAK1
IFNB1,JAK1
IFNG,JAK1
IFNGR1,JAK1
IFNGR2,JAK1
IFNL1,JAK1
IFNL2,JAK1
IFNL3,JAK1
IFNLR1,JAK1
IFT88,VPS37A
IGBP1,PPP2CA
IGBP1,RPTOR
IGF1,KIT
IGF1,PXN
IGF1R,JAK1
IGF1R,PRKACB
IGF1R,PXN
IGF2,KIT
IGFBP1,SP3
IGFBP3,SP3
IK,MAD1L1
IK,PPP2R5E
IKBKB,NLRX1
IKBKB,PTEN
IKBKB,SRC
IKBKG,NLRX1
IKBKG,PPP2CA
IKZF1,MCRS1
IKZF3,JAK1
IL10,JAK1
IL10RA,JAK1
IL10RB,JAK1
IL11,JAK1
IL11RA,JAK1
IL12A,JAK1
IL12B,JAK1
IL12B,SP3
IL12RB1,JAK1
IL12RB2,JAK1
IL13,JAK1
IL13RA1,JAK1
IL13RA2,JAK1
IL15,JAK1
IL15RA,JAK1
IL17D,JAK1
IL18,JAK2
IL18R1,JAK2
IL19,JAK1
IL1RAP,KIT
IL1RL1,KIT
IL1RL1,TMED1
IL2,JAK1
IL2,POU2F2
IL2,TGFB1
IL20,JAK1
IL20RA,JAK1
IL20RB,JAK1
IL21,JAK1
IL21R,JAK1
IL22,JAK1
IL22RA1,JAK1
IL22RA2,JAK1
IL23R,JAK1
IL24,JAK1
IL24,PTEN
IL26,JAK1
IL27,JAK1
IL27RA,JAK1
IL2RA,JAK1
IL2RB,JAK1
IL2RG,JAK1
IL3,JAK1
IL3,PRKACB
IL31,JAK1
IL31RA,JAK1
IL32,PXN
IL33,KIT
IL3RA,JAK1
IL3RA,PRKACB
IL4,JAK1
IL4,POU2F2
IL4R,JAK1
IL5,POU2F2
IL5RA,JAK1
IL6,JAK1
IL6,NFIC
IL6,TGFB1
IL6R,JAK1
IL6ST,JAK1
IL7,JAK1
IL7R,JAK1
IL9,JAK1
IL9R,JAK1
ILK,PXN
INCENP,MAD1L1
INCENP,NUP205
ING3,MEAF6
ING3,VPS72
ING4,MEAF6
ING5,MEAF6
INHBA,TGFB1
INHBB,POU2F2
INHBB,TGFB1
INHBC,TGFB1
INHBE,TGFB1
INO80,XPC
INO80B,XPC
INO80C,XPC
INO80D,XPC
INO80E,XPC
INPP4A,PTEN
INPP4B,PTEN
INPP5B,PTEN
INPP5D,JAK1
INPP5D,PTEN
INPP5E,PTEN
INPP5F,PTEN
INPPL1,JAK1
INPPL1,PTEN
INS,KIT
INS,PTEN
INSM1,TUBB3
INSR,JAK1
INSR,NFIC
INTS1,NCBP2
INTS1,POU2F2
INTS1,ZNF143
INTS10,NCBP2
INTS10,POU2F2
INTS10,TAF5
INTS10,ZNF143
INTS11,NCBP2
INTS11,POU2F2
INTS11,ZNF143
INTS12,NCBP2
INTS12,POU2F2
INTS12,ZNF143
INTS13,NCBP2
INTS13,POU2F2
INTS13,ZNF143
INTS14,NCBP2
INTS14,POU2F2
INTS14,ZNF143
INTS2,NCBP2
INTS2,POU2F2
INTS2,ZNF143
INTS3,NCBP2
INTS3,POU2F2
INTS3,ZNF143
INTS4,NCBP2
INTS4,POU2F2
INTS4,TAF5
INTS4,ZNF143
INTS5,NCBP2
INTS5,POU2F2
INTS5,ZNF143
INTS6,NCBP2
INTS6,POU2F2
INTS6,TAF5
INTS6,ZNF143
INTS7,NCBP2
INTS7,POU2F2
INTS7,TAF5
INTS7,ZNF143
INTS8,NCBP2
INTS8,POU2F2
INTS8,ZNF143
INTS9,NCBP2
INTS9,POU2F2
INTS9,ZNF143
IPO7,PTEN
IPO8,NUP205
IQCB1,ODF2
IQGAP1,PRKACB
IQGAP1,RPTOR
IQGAP1,SRC
IRAK1,KIT
IRAK1,PPP2CA
IRAK4,KIT
IRAK4,PPP2CA
IRAK4,SRC
IRF1,MED10
IRF1,NFIX
IRF2,POU2F2
IRF3,UBE2L6
IRF3,ZNF143
IRF4,POU2F2
IRF7,TGFB1
IRF8,RFX1
IRF8,VEZF1
IRF9,JAK1
IRS1,JAK1
IRS1,KIT
IRS1,PXN
IRS2,JAK1
IRS4,LGALS3BP
IRX4,ZNF143
ISG15,JAK1
ISG15,NUP205
ISG15,UBE2L6
ISY1,NCBP2
ISY1,SLU7
ITGA1,MYH11
ITGA1,PXN
ITGA10,PXN
ITGA11,PXN
ITGA2,PRKACB
ITGA2,PXN
ITGA2B,PXN
ITGA3,PXN
ITGA4,PRKACB
ITGA4,PXN
ITGA4,SRC
ITGA5,LGALS3BP
ITGA5,PXN
ITGA6,PXN
ITGA7,PXN
ITGA7 VARIANT PROTEIN,PXN
ITGA8,PXN
ITGA8,TGFB1
ITGA9,PXN
ITGAD,PXN
ITGAD,SP3
ITGAE,PXN
ITGAL,PXN
ITGAM,PXN
ITGAV,PXN
ITGAV,SP3
ITGAV,TGFB1
ITGAX,POU2F2
ITGAX,PXN
ITGB1,PRKACB
ITGB1,PTEN
ITGB1,PXN
ITGB1,TGFB1
ITGB2,PXN
ITGB2,SRC
ITGB2,TGFB1
ITGB3,PXN
ITGB3,TGFB1
ITGB3BP,MAD1L1
ITGB4,PXN
ITGB5,MYH11
ITGB5,PXN
ITGB5,TGFB1
ITGB6,PXN
ITGB6,TGFB1
ITGB7,PXN
ITGB8,PXN
ITGB8,TGFB1
ITGBL1,PXN
ITPR1,PRKACB
ITPR2,PRKACB
ITPR3,PRKACB
ITSN1,TF
IVL,KRT1
IVL,POU2F2
IWS1,SUPT6H
JADE1,MEAF6
JAK1,JAK2
JAK1,JAK3
JAK1,KDR
JAK1,KRAS
JAK1,LCK
JAK1,LEPR
JAK1,LIF
JAK1,LIFR
JAK1,LMO4
JAK1,LRPPRC
JAK1,MAP2K1
JAK1,MAP2K2
JAK1,MAP2K6
JAK1,MAP3K1
JAK1,MAP3K11
JAK1,MAP3K5
JAK1,MAPK1
JAK1,MAPK11
JAK1,MAPK14
JAK1,MAPK3
JAK1,MAPK8
JAK1,MAPK9
JAK1,MET
JAK1,MITF
JAK1,MPL
JAK1,NRAS
JAK1,OSM
JAK1,OSMR
JAK1,PDGFD
JAK1,PDGFRA
JAK1,PDGFRB
JAK1,PIAS1
JAK1,PIAS3
JAK1,PIK3CA
JAK1,PIK3CA VARIANT PROTEIN
JAK1,PIK3CB
JAK1,PIK3CD
JAK1,PIK3R1
JAK1,PIK3R2
JAK1,PIK3R3
JAK1,PLAUR
JAK1,PRKCA
JAK1,PRKCB
JAK1,PRKCD
JAK1,PRKCE
JAK1,PRKCZ
JAK1,PRL
JAK1,PRLR
JAK1,PTK2B
JAK1,PTPN1
JAK1,PTPN11
JAK1,PTPN2
JAK1,PTPN6
JAK1,PTPRE
JAK1,RAF1
JAK1,RASA1
JAK1,RHOA
JAK1,SGMS1
JAK1,SH2B2
JAK1,SHC1
JAK1,SMPD1
JAK1,SOCS1
JAK1,SOCS2
JAK1,SOCS3
JAK1,SOCS4
JAK1,SOCS5
JAK1,SOCS6
JAK1,SOCS7
JAK1,SOS1
JAK1,STAM
JAK1,STAM2
JAK1,STAT1
JAK1,STAT2
JAK1,STAT3
JAK1,STAT4
JAK1,STAT5A
JAK1,STAT5B
JAK1,STAT6
JAK1,SYK
JAK1,TEC
JAK1,TNFRSF1A
JAK1,TYK2
JAK1,UBE2L6
JAK1,UGCG
JAK1,USP18
JAK1,VAV1
JAK2,JAK3
JAK2,KHDRBS1
JAK2,KIT
JAK2,LRPPRC
JAK2,LYN
JAK2,MAP2K1
JAK2,MAP2K2
JAK2,MAP3K5
JAK2,MAPK14
JAK2,MAPK3
JAK2,MTOR
JAK2,NCK1
JAK2,NOLC1
JAK2,NRAS
JAK2,PAK2
JAK2,PLCG2
JAK2,PRKACA
JAK2,PRKACB
JAK2,PRKAR2B
JAK2,PRMT5
JAK2,PTEN
JAK2,PTPN11
JAK2,PXN
JAK2,RAP1A
JAK2,RB1
JAK2,RHOA
JAK2,SHC1
JAK2,SOS1
JAK2,SPTAN1
JAK2,STAM
JAK2,STAT1
JAK2,STAT3
JAK2,STAT5A
JAK2,STAT6
JAK2,VCP
JAK2,YWHAZ
JMJD6,NFIX
JMJD6,PPP2CA
JMJD6,SLU7
JUN,MTCH1
JUN,NFIC
JUN,PPP2CA
JUN,PRKACB
JUN,TGFB1
JUNB,POU2F2
JUND,POU2F2
JUND,PTEN
JUP,POU2F2
JUP,PTEN
KARS1,PTEN
KAT2A,MED17
KAT2A,SUPT7L
KAT2B,PTEN
KAT5,MEAF6
KAT5,VPS72
KAT6A,MEAF6
KAT6B,MEAF6
KAT7,MEAF6
KAT8,MSL1
KCNB1,PRKACB
KCNC2,PRKACB
KCNE1,PRKACB
KCNG2,PRKACB
KCNJ11,PRKACB
KCNJ3,PRKACB
KCNJ5,PRKACB
KCNJ6,PRKACB
KCNJ9,PRKACB
KCNK2,PRKACB
KCNMA1,PRKACB
KCNMB1,PRKACB
KCNMB2,PRKACB
KCNMB3,PRKACB
KCNMB4,PRKACB
KCNQ1,PRKACB
KCNS3,PRKACB
KCNU1,PRKACB
KDELR1,KIF11
KDELR1,KIF15
KDELR1,KIF18A
KDELR1,KIF22
KDELR1,KIF23
KDELR1,KIF26A
KDELR1,KIF2A
KDELR1,KIF2B
KDELR1,KIF2C
KDELR1,KIF3A
KDELR1,KIF3B
KDELR1,KIF3C
KDELR1,KIF4A
KDELR1,KIF4B
KDELR1,KIF5A
KDELR1,KIFAP3
KDELR1,KLC1
KDELR1,KLC2
KDELR1,NBAS
KDELR1,RAB1A
KDELR1,RAB1B
KDELR1,RAB2A
KDELR1,RAB6A
KDELR1,RAB7A
KDELR1,RACGAP1
KDELR1,RINT1
KDELR1,SEC22B
KDELR1,SPTA1
KDELR1,SPTAN1
KDELR1,SPTB
KDELR1,SPTBN1
KDELR1,SPTBN2
KDELR1,SPTBN4
KDELR1,SPTBN5
KDELR1,STX18
KDELR1,STX5
KDELR1,TMED10
KDELR1,TMED2
KDELR1,TMED3
KDELR1,TMED7
KDELR1,TMED9
KDELR1,TMEM115
KDELR1,USE1
KDELR1,USO1
KDELR1,YKT6
KDELR1,ZW10
KDM1A,SLU7
KDM3A,PRKACB
KDM3A,RPS6KA5
KDM3B,PRKACB
KDM6A,SUPT6H
KDM6B,PHC3
KDR,PXN
KHDRBS1,SRC
KIAA0142,PXN
KIF11,PTEN
KIF18A,MAD1L1
KIF24,ODF2
KIF2A,MAD1L1
KIF2A,PPP2CA
KIF2B,MAD1L1
KIF2C,MAD1L1
KISS1R,PPP2CA
KIT,KITLG
KIT,KRAS
KIT,LCK
KIT,LYN
KIT,MAPK8
KIT,MATK
KIT,MYD88
KIT,NGF
KIT,NRAS
KIT,NTF3
KIT,NTF4
KIT,PDGFA
KIT,PDGFB
KIT,PDGFC
KIT,PDGFD
KIT,PDGFRA
KIT,PGF
KIT,PIK3C2B
KIT,PIK3CA
KIT,PIK3CA VARIANT PROTEIN
KIT,PIK3CB
KIT,PIK3CD
KIT,PIK3R1
KIT,PIK3R2
KIT,PIK3R3
KIT,PLCB1
KIT,PLCB2
KIT,PLCB3
KIT,PLCB4
KIT,PRKCA
KIT,PTPN11
KIT,PTPN6
KIT,PTPRO
KIT,PTPRU
KIT,RPS6KB1
KIT,SH2B1
KIT,SH2B2
KIT,SH2B3
KIT,SHC1
KIT,SHC2
KIT,SHC3
KIT,SHC4
KIT,SNAI2
KIT,SOCS1
KIT,SOCS6
KIT,SOS1
KIT,SP1
KIT,SPRED2
KIT,SRC
KIT,STAP1
KIT,STAT1
KIT,STAT3
KIT,STAT5A
KIT,STAT5B
KIT,TEC
KIT,TGFA
KIT,TRAF6
KIT,VAV1
KIT,VEGFA
KIT,VEGFB
KIT,VEGFC
KIT,VEGFD
KIT,YES1
KITLG,ORC3
KLC4,YWHAB
KLC4,YWHAG
KLC4,YWHAZ
KLF5,TGFB1
KLF6,POU2F2
KLK3,SP3
KLKB1,SP3
KNL1,MAD1L1
KNTC1,MAD1L1
KPNA1,NUP205
KPNA2,NCBP2
KPNA2,NUP205
KPNA3,NCBP2
KPNA3,NUP205
KPNA4,NCBP2
KPNA4,NUP205
KPNA5,NUP205
KPNA6,NCBP2
KPNA7,NUP205
KPNB1,NCBP2
KPNB1,NUP205
KRAS,PPP2CA
KRT1,KRT10
KRT1,KRT12
KRT1,KRT13
KRT1,KRT14
KRT1,KRT15
KRT1,KRT16
KRT1,KRT17
KRT1,KRT18
KRT1,KRT19
KRT1,KRT2
KRT1,KRT20
KRT1,KRT23
KRT1,KRT24
KRT1,KRT25
KRT1,KRT26
KRT1,KRT27
KRT1,KRT28
KRT1,KRT31
KRT1,KRT32
KRT1,KRT33A
KRT1,KRT33B
KRT1,KRT34
KRT1,KRT35
KRT1,KRT36
KRT1,KRT37
KRT1,KRT38
KRT1,KRT39
KRT1,KRT40
KRT1,KRT9
KRT1,LOR
KRT1,MBL2
KRT1,NFKB1
KRT1,PI3
KRT1,RARB
KRT1,SFN
KRT16,SP3
KRT17,NFIC
KRT6A,POU2F2
KRTDAP,POU2F2
KSR1,PPP2CA
L1CAM,PXN
L1CAM,RPS6KA5
LAGE3,TPRKB
LAMB1,TGFB1
LAMTOR1,RPTOR
LAMTOR2,RPTOR
LAMTOR4,RPTOR
LAMTOR5,RPTOR
LARP1,RPTOR
LARS,RPTOR
LAT,MAP4K1
LCAT,SP3
LCK,MAP4K1
LCK,PXN
LCP2,MAP4K1
LEFTY1,TGFB1
LEFTY2,TGFB1
LEO1,SUPT6H
LGALS1,MCM2
LGALS1,PTEN
LGALS3,SERPINA1
LGALS3BP,MAG
LGALS3BP,PPIC
LGALS3BP,SIGLEC1
LGALS3BP,SIGLEC10
LGALS3BP,SIGLEC11
LGALS3BP,SIGLEC12
LGALS3BP,SIGLEC14
LGALS3BP,SIGLEC16
LGALS3BP,SIGLEC5
LGALS3BP,SIGLEC6
LGALS3BP,SIGLEC7
LGALS3BP,SIGLEC8
LGALS3BP,SIGLEC9
LGALS3BP,SIGLECL1
LGALS3BP,STAT3
LGALS3BP,STAT6
LGALS3BP,TRADD
LGALS3BP,VCL
LHB,SP3
LHCGR,NFIC
LILRB1,POU2F2
LIMD2,MAP4K1
LIMK1,PXN
LIMS1,PXN
LIMS2,PXN
LIN54,SP3
LIN54,ZNF143
LIPE,PRKACB
LITAF,POU2F2
LMAN1,SERPINA1
LMO1,ZNF143
LMO2,MED17
LMOD1,MYH11
LMOD1,PXN
LOC729862,STRIP1
LPAR4,RPS6KA5
LPXN,TGFB1
LRPPRC,MFN1
LRRC32,TGFB1
LSM10,NCBP2
LSM11,NCBP2
LSM2,NCBP2
LSM2,SLU7
LSM3,NCBP2
LSM4,NCBP2
LSM5,NCBP2
LSM6,NCBP2
LSM7,NCBP2
LSM8,NCBP2
LTBP1,TGFB1
LTBP3,TGFB1
LTBP4,TGFB1
LTC4S,SP3
LUC7L3,MFN1
LY86,POU2F2
LYN,PXN
LYN,SRC
MAD1L1,MAD2L1
MAD1L1,MAD2L2
MAD1L1,MAPRE1
MAD1L1,MIS12
MAD1L1,MNAT1
MAD1L1,NDC80
MAD1L1,NDE1
MAD1L1,NDEL1
MAD1L1,NEK2
MAD1L1,NSL1
MAD1L1,NUDC
MAD1L1,NUF2
MAD1L1,NUP107
MAD1L1,NUP133
MAD1L1,NUP160
MAD1L1,NUP37
MAD1L1,NUP43
MAD1L1,NUP85
MAD1L1,NUP98
MAD1L1,PAFAH1B1
MAD1L1,PDS5A
MAD1L1,PDS5B
MAD1L1,PLK1
MAD1L1,PMF1
MAD1L1,PPP1CC
MAD1L1,RAD21
MAD1L1,RANBP2
MAD1L1,RANGAP1
MAD1L1,RCC2
MAD1L1,RNF8
MAD1L1,RPS27
MAD1L1,SEC13
MAD1L1,SEH1L
MAD1L1,SGO1
MAD1L1,SGO2
MAD1L1,SKA1
MAD1L1,SKA2
MAD1L1,SMC1A
MAD1L1,SMC3
MAD1L1,SPC24
MAD1L1,SPC25
MAD1L1,SPDL1
MAD1L1,STAG1
MAD1L1,STAG2
MAD1L1,TAOK1
MAD1L1,TP53
MAD1L1,TPR
MAD1L1,TTK
MAD1L1,WAPL
MAD1L1,XPO1
MAD1L1,ZW10
MAD1L1,ZWILCH
MAD1L1,ZWINT
MAGED1,RFX1
MAGI1,PTEN
MAGI2,PTEN
MAGI3,PTEN
MAGOH,NCBP2
MAGOH,NUP205
MAGOH,PPP2CA
MAGOH,SLU7
MAGOH,SMG1
MAGOHB,NCBP2
MAGOHB,NUP205
MAGOHB,PPP2CA
MAGOHB,SLU7
MAGOHB,SMG1
MAK16,RPF1
MAN1A1,MAN2B1
MAP2K1,MAP2K4
MAP2K1,PPP2CA
MAP2K1,PRKACB
MAP2K1,SRC
MAP2K2,MAP2K4
MAP2K2,PPP2CA
MAP2K2,PRKACB
MAP2K4,MAP3K5
MAP2K4,MAPK14
MAP2K4,MAPK3
MAP2K4,PAK2
MAP2K4,RAC2
MAP2K4,REEP5
MAP2K4,ROCK2
MAP2K4,TAB1
MAP2K4,TIA1
MAP2K4,TRADD
MAP2K4,TRAF6
MAP3K1,MAP4K1
MAP3K11,MAP4K1
MAP3K12,SP3
MAP3K20,RPS6KA5
MAP3K5,PRKACB
MAP3K7,MAP4K1
MAP4K1,MAPK8IP1
MAP4K1,MAPK8IP2
MAP4K1,NCK1
MAP4K1,PIK3R1
MAP4K1,PIM2
MAP4K1,RAC1
MAP4K1,SRC
MAP4K1,STK10
MAP4K1,TRAV3
MAP4K1,TRB
MAP4K1,ZAP70
MAPK1,PPP2CA
MAPK1,PRKACB
MAPK1,PXN
MAPK1,RPS6KA5
MAPK1,TGFB1
MAPK10,PRKACB
MAPK11,PHC3
MAPK11,PPP2CA
MAPK11,PRKACB
MAPK11,RPS6KA5
MAPK12,PPP2CA
MAPK12,PRKACB
MAPK12,RPS6KA5
MAPK13,PPP2CA
MAPK13,PRKACB
MAPK13,RPS6KA5
MAPK14,PHC3
MAPK14,PPP2CA
MAPK14,PRKACB
MAPK14,RPS6KA5
MAPK14,SRC
MAPK3,PDK2
MAPK3,PPP2CA
MAPK3,PRKACB
MAPK3,PXN
MAPK3,RPS6KA5
MAPK3,RPTOR
MAPK3,SRC
MAPK3,TGFB1
MAPK3,UBE2L6
MAPK8,PRKACB
MAPK8,PXN
MAPK9,PPP2CA
MAPK9,PRKACB
MAPKAPK3,PHC3
MAPKAPK3,SRC
MAPKAPK5,PRKACB
MAPRE1,MZT2B
MAPRE1,ODF2
MARK4,ODF2
MAT2B,SP3
MAVS,MFN1
MAVS,NLRX1
MAVS,SRC
MAX,POU2F2
MAX,PPP2CA
MAX,SUPT7L
MBL2,NFIC
MBNL1,SP3
MBNL1,SUGP2
MBNL2,SUGP2
MBNL3,SUGP2
MBP,NFIC
MCC,TGFB1
MCM10,ORC3
MCM10,ORC5
MCM2,ORC3
MCM2,ORC5
MCM3,ORC3
MCM3,ORC5
MCM3AP,ORC6
MCM3AP,PCID2
MCM3AP,SPI1
MCM4,ORC3
MCM4,ORC5
MCM5,ORC3
MCM5,ORC5
MCM6,ORC3
MCM6,ORC5
MCM7,ORC3
MCM7,ORC5
MCM8,ORC3
MCM8,ORC5
MCM9,ORC3
MCM9,ORC5
MCMDC2,ORC3
MCMDC2,ORC5
MCRS1,MFAP1
MCRS1,OGT
MCRS1,RAD23B
MCRS1,RUVBL1
MCRS1,UBR5
MCRS1,UCHL5
MCRS1,WDR5
MCRS1,XPC
MDFI,VPS72
MDM2,NUP205
MDM2,PPP2CA
MEAF6,MORF4L1
MEAF6,MORF4L2
MEAF6,MRGBP
MEAF6,PML
MEAF6,RUVBL1
MEAF6,RUVBL2
MEAF6,TP53
MEAF6,TRRAP
MEAF6,VPS72
MEAF6,YEATS4
MED1,MED10
MED1,MED11
MED1,MED17
MED1,MED23
MED1,PRKACB
MED1,SRC
MED1,TGFB1
MED10,MED11
MED10,MED12
MED10,MED13
MED10,MED13L
MED10,MED14
MED10,MED15
MED10,MED16
MED10,MED17
MED10,MED18
MED10,MED19
MED10,MED20
MED10,MED21
MED10,MED22
MED10,MED23
MED10,MED24
MED10,MED25
MED10,MED26
MED10,MED27
MED10,MED28
MED10,MED29
MED10,MED30
MED10,MED31
MED10,MED4
MED10,MED6
MED10,MED7
MED10,MED8
MED10,MED9
MED10,NCOA1
MED10,NCOA2
MED10,NCOA3
MED10,NCOA6
MED10,NCOR1
MED10,NCOR2
MED10,PPARA
MED10,PPARG
MED10,PPARGC1A
MED10,RXRA
MED10,SMARCD3
MED10,TBL1X
MED10,TBL1XR1
MED10,TGFB1
MED10,TGS1
MED10,THRAP3
MED10,TNF
MED10,WNT1
MED10,WNT10B
MED11,MED12
MED11,MED13
MED11,MED13L
MED11,MED14
MED11,MED15
MED11,MED16
MED11,MED17
MED11,MED18
MED11,MED19
MED11,MED20
MED11,MED21
MED11,MED22
MED11,MED23
MED11,MED24
MED11,MED25
MED11,MED26
MED11,MED27
MED11,MED28
MED11,MED29
MED11,MED30
MED11,MED31
MED11,MED4
MED11,MED6
MED11,MED7
MED11,MED8
MED11,MED9
MED11,NCOA1
MED11,NCOA2
MED11,NCOA3
MED11,NCOA6
MED11,NCOR1
MED11,NCOR2
MED11,PPARA
MED11,PPARG
MED11,PPARGC1A
MED11,RXRA
MED11,SMARCA2
MED11,SMARCD1
MED11,SMARCD3
MED11,TBL1X
MED11,TBL1XR1
MED11,TBL1Y
MED11,TGFB1
MED11,TGS1
MED11,THRAP3
MED11,TNF
MED11,WNT1
MED11,WNT10B
MED12,MED17
MED12,PTEN
MED12,TGFB1
MED13,MED17
MED13,TGFB1
MED13L,MED17
MED13L,SP3
MED13L,TGFB1
MED14,MED17
MED14,TGFB1
MED15,MED17
MED15,TGFB1
MED16,MED17
MED16,TGFB1
MED17,MED18
MED17,MED19
MED17,MED20
MED17,MED21
MED17,MED22
MED17,MED23
MED17,MED24
MED17,MED25
MED17,MED26
MED17,MED27
MED17,MED28
MED17,MED29
MED17,MED30
MED17,MED31
MED17,MED4
MED17,MED6
MED17,MED7
MED17,MED8
MED17,MED9
MED17,NCOA1
MED17,NCOA2
MED17,NCOA3
MED17,NCOA6
MED17,NCOR1
MED17,NCOR2
MED17,PAGR1
MED17,PARP1
MED17,POLR2G
MED17,PPARA
MED17,PPARG
MED17,PPARGC1A
MED17,RELA
MED17,RXRA
MED17,RXRB
MED17,RXRG
MED17,SMARCA2
MED17,SMARCB1
MED17,SMARCD1
MED17,SMARCD3
MED17,SSBP2
MED17,SSBP3
MED17,SSBP4
MED17,SUPT3H
MED17,TBL1X
MED17,TBL1XR1
MED17,TBL1Y
MED17,TGFB1
MED17,TGS1
MED17,THRA
MED17,THRAP3
MED17,THRB
MED17,TNF
MED17,TP53
MED17,WNT1
MED17,WNT10B
MED18,TGFB1
MED19,TGFB1
MED20,TGFB1
MED21,TGFB1
MED22,TGFB1
MED23,MED30
MED23,NCOR1
MED23,NCOR2
MED23,SP3
MED23,TBL1X
MED23,TBL1XR1
MED23,TGFB1
MED23,THRAP3
MED24,TGFB1
MED25,TGFB1
MED26,TGFB1
MED27,TGFB1
MED28,TGFB1
MED29,TGFB1
MED30,TGFB1
MED31,TGFB1
MED4,TGFB1
MED6,TGFB1
MED7,TGFB1
MED8,TGFB1
MED9,TGFB1
MEF2A,POU2F2
MEF2A,PRKACB
MEF2C,PRKACB
MEF2D,PRKACB
MEOX2,TGFB1
METTL14,NCBP2
METTL3,NCBP2
MFN1,MFN2
MFN1,OPA1
MFN1,VCP
MGME1,POLG
MICAL1,PXN
MICALL1,PXN
MIOS,RPTOR
MIPEP,SP3
MKNK1,PPP2CA
MKRN1,PTEN
MKS1,ODF2
MLLT1,NCBP2
MLLT1,SUPT6H
MLLT3,NCBP2
MLLT3,SUPT6H
MLPH,RAB27B
MLST8,PPP2CA
MLST8,RPTOR
MLXIPL,PRKACB
MMAA,MMUT
MMP9,TGFB1
MNAT1,NCBP2
MNAT1,SUPT6H
MNAT1,XPC
MOB1A,TGFBRAP1
MOB3A,TGFBRAP1
MOB4,PPP2CA
MORF4L1,PPP2CA
MORF4L1,VPS72
MORF4L2,PPP2CA
MORF4L2,VPS72
MRC1,TGFB1
MRC2,TGFB1
MRGBP,VEZF1
MRGBP,VPS72
MRPL1,MRPL2
MRPL1,MRPL34
MRPL1,MRPS14
MRPL1,MRPS33
MRPL1,MTIF3
MRPL10,MRPL2
MRPL10,MRPL34
MRPL10,MRPS14
MRPL10,MTIF3
MRPL11,MRPL2
MRPL11,MRPL34
MRPL11,MRPS14
MRPL11,MTIF3
MRPL12,MRPL2
MRPL12,MRPL34
MRPL12,MRPS14
MRPL12,MTIF3
MRPL13,MRPL2
MRPL13,MRPL34
MRPL13,MRPS14
MRPL13,MRPS33
MRPL13,MTIF3
MRPL14,MRPL2
MRPL14,MRPL34
MRPL14,MRPS14
MRPL14,MTIF3
MRPL15,MRPL2
MRPL15,MRPL34
MRPL15,MRPS14
MRPL15,MRPS33
MRPL15,MTIF3
MRPL16,MRPL2
MRPL16,MRPL34
MRPL16,MRPS14
MRPL16,MRPS33
MRPL16,MTIF3
MRPL17,MRPL2
MRPL17,MRPL34
MRPL17,MRPS14
MRPL17,MRPS33
MRPL17,MTIF3
MRPL18,MRPL2
MRPL18,MRPL34
MRPL18,MRPS14
MRPL18,MRPS33
MRPL18,MTIF3
MRPL19,MRPL2
MRPL19,MRPL34
MRPL19,MRPS14
MRPL19,MRPS33
MRPL19,MTIF3
MRPL2,MRPL20
MRPL2,MRPL21
MRPL2,MRPL22
MRPL2,MRPL23
MRPL2,MRPL24
MRPL2,MRPL27
MRPL2,MRPL28
MRPL2,MRPL3
MRPL2,MRPL30
MRPL2,MRPL32
MRPL2,MRPL33
MRPL2,MRPL34
MRPL2,MRPL35
MRPL2,MRPL36
MRPL2,MRPL37
MRPL2,MRPL38
MRPL2,MRPL39
MRPL2,MRPL4
MRPL2,MRPL40
MRPL2,MRPL41
MRPL2,MRPL42
MRPL2,MRPL43
MRPL2,MRPL44
MRPL2,MRPL45
MRPL2,MRPL46
MRPL2,MRPL47
MRPL2,MRPL48
MRPL2,MRPL49
MRPL2,MRPL50
MRPL2,MRPL51
MRPL2,MRPL52
MRPL2,MRPL53
MRPL2,MRPL54
MRPL2,MRPL55
MRPL2,MRPL57
MRPL2,MRPL58
MRPL2,MRPL9
MRPL2,MRPS10
MRPL2,MRPS11
MRPL2,MRPS12
MRPL2,MRPS14
MRPL2,MRPS15
MRPL2,MRPS16
MRPL2,MRPS17
MRPL2,MRPS18A
MRPL2,MRPS18B
MRPL2,MRPS18C
MRPL2,MRPS2
MRPL2,MRPS21
MRPL2,MRPS22
MRPL2,MRPS23
MRPL2,MRPS24
MRPL2,MRPS25
MRPL2,MRPS26
MRPL2,MRPS27
MRPL2,MRPS28
MRPL2,MRPS30
MRPL2,MRPS31
MRPL2,MRPS33
MRPL2,MRPS34
MRPL2,MRPS35
MRPL2,MRPS36
MRPL2,MRPS5
MRPL2,MRPS6
MRPL2,MRPS7
MRPL2,MRPS9
MRPL2,MRRF
MRPL2,MTIF2
MRPL2,MTIF3
MRPL2,MTRF1L
MRPL2,OXA1L
MRPL2,PTCD3
MRPL2,RPL15
MRPL2,TUFM
MRPL20,MRPL34
MRPL20,MRPS14
MRPL20,MRPS33
MRPL20,MTIF3
MRPL21,MRPL34
MRPL21,MRPS14
MRPL21,MTIF3
MRPL22,MRPL34
MRPL22,MRPS14
MRPL22,MTIF3
MRPL23,MRPL34
MRPL23,MRPS14
MRPL23,MRPS33
MRPL23,MTIF3
MRPL24,MRPL34
MRPL24,MRPS14
MRPL24,MRPS33
MRPL24,MTIF3
MRPL27,MRPL34
MRPL27,MRPS14
MRPL27,MRPS33
MRPL27,MTIF3
MRPL28,MRPL34
MRPL28,MRPS14
MRPL28,MTIF3
MRPL3,MRPL34
MRPL3,MRPS14
MRPL3,MRPS33
MRPL3,MTIF3
MRPL30,MRPL34
MRPL30,MRPS14
MRPL30,MTIF3
MRPL32,MRPL34
MRPL32,MRPS14
MRPL32,MTIF3
MRPL33,MRPL34
MRPL33,MRPS14
MRPL33,MTIF3
MRPL34,MRPL35
MRPL34,MRPL36
MRPL34,MRPL37
MRPL34,MRPL38
MRPL34,MRPL39
MRPL34,MRPL4
MRPL34,MRPL40
MRPL34,MRPL41
MRPL34,MRPL42
MRPL34,MRPL43
MRPL34,MRPL44
MRPL34,MRPL45
MRPL34,MRPL46
MRPL34,MRPL47
MRPL34,MRPL48
MRPL34,MRPL49
MRPL34,MRPL50
MRPL34,MRPL51
MRPL34,MRPL52
MRPL34,MRPL53
MRPL34,MRPL54
MRPL34,MRPL55
MRPL34,MRPL57
MRPL34,MRPL58
MRPL34,MRPL9
MRPL34,MRPS10
MRPL34,MRPS11
MRPL34,MRPS12
MRPL34,MRPS14
MRPL34,MRPS15
MRPL34,MRPS16
MRPL34,MRPS17
MRPL34,MRPS18A
MRPL34,MRPS18B
MRPL34,MRPS18C
MRPL34,MRPS2
MRPL34,MRPS21
MRPL34,MRPS22
MRPL34,MRPS23
MRPL34,MRPS24
MRPL34,MRPS25
MRPL34,MRPS26
MRPL34,MRPS27
MRPL34,MRPS28
MRPL34,MRPS30
MRPL34,MRPS31
MRPL34,MRPS33
MRPL34,MRPS34
MRPL34,MRPS35
MRPL34,MRPS36
MRPL34,MRPS5
MRPL34,MRPS6
MRPL34,MRPS7
MRPL34,MRPS9
MRPL34,MRRF
MRPL34,MTIF2
MRPL34,MTIF3
MRPL34,MTRF1L
MRPL34,OXA1L
MRPL34,PTCD3
MRPL34,RPL13
MRPL34,RPL38
MRPL34,RPL6
MRPL34,RPS8
MRPL34,TUFM
MRPL35,MRPS14
MRPL35,MTIF3
MRPL36,MRPS14
MRPL36,MTIF3
MRPL37,MRPS14
MRPL37,MTIF3
MRPL38,MRPS14
MRPL38,MTIF3
MRPL39,MRPS14
MRPL39,MRPS33
MRPL39,MTIF3
MRPL4,MRPS14
MRPL4,MTIF3
MRPL40,MRPS14
MRPL40,MTIF3
MRPL41,MRPS14
MRPL41,MTIF3
MRPL42,MRPS14
MRPL42,MTIF3
MRPL43,MRPS14
MRPL43,MRPS33
MRPL43,MTIF3
MRPL44,MRPS14
MRPL44,MTIF3
MRPL45,MRPS14
MRPL45,MRPS33
MRPL45,MTIF3
MRPL46,MRPS14
MRPL46,MRPS33
MRPL46,MTIF3
MRPL47,MRPS14
MRPL47,MRPS33
MRPL47,MTIF3
MRPL48,MRPS14
MRPL48,MRPS33
MRPL48,MTIF3
MRPL49,MRPS14
MRPL49,MRPS33
MRPL49,MTIF3
MRPL50,MRPS14
MRPL50,MRPS33
MRPL50,MTIF3
MRPL51,MRPS14
MRPL51,MTIF3
MRPL52,MRPS14
MRPL52,MTIF3
MRPL53,MRPS14
MRPL53,MTIF3
MRPL54,MRPS14
MRPL54,MTIF3
MRPL55,MRPS14
MRPL55,MRPS33
MRPL55,MTIF3
MRPL57,MRPS14
MRPL57,MRPS33
MRPL57,MTIF3
MRPL58,MRPS14
MRPL58,MTIF3
MRPL9,MRPS14
MRPL9,MTIF3
MRPS10,MRPS14
MRPS10,MRPS33
MRPS10,MTIF3
MRPS11,MRPS14
MRPS11,MTIF3
MRPS12,MRPS14
MRPS12,MTIF3
MRPS14,MRPS15
MRPS14,MRPS16
MRPS14,MRPS17
MRPS14,MRPS18A
MRPS14,MRPS18B
MRPS14,MRPS18C
MRPS14,MRPS2
MRPS14,MRPS21
MRPS14,MRPS22
MRPS14,MRPS23
MRPS14,MRPS24
MRPS14,MRPS25
MRPS14,MRPS26
MRPS14,MRPS27
MRPS14,MRPS28
MRPS14,MRPS30
MRPS14,MRPS31
MRPS14,MRPS33
MRPS14,MRPS34
MRPS14,MRPS35
MRPS14,MRPS36
MRPS14,MRPS5
MRPS14,MRPS6
MRPS14,MRPS7
MRPS14,MRPS9
MRPS14,MRRF
MRPS14,MTIF2
MRPS14,MTIF3
MRPS14,MTRF1L
MRPS14,OXA1L
MRPS14,PTCD3
MRPS14,RPL23
MRPS14,RPL6
MRPS14,RPS15A
MRPS14,RPS2
MRPS14,RPS8
MRPS14,TUFM
MRPS15,MRPS33
MRPS15,MTIF3
MRPS16,MRPS33
MRPS16,MTIF3
MRPS17,MTIF3
MRPS18A,MTIF3
MRPS18B,MRPS33
MRPS18B,MTIF3
MRPS18C,MTIF3
MRPS2,MRPS33
MRPS2,MTIF3
MRPS21,MTIF3
MRPS22,MTIF3
MRPS23,MRPS33
MRPS23,MTIF3
MRPS24,MRPS33
MRPS24,MTIF3
MRPS25,MRPS33
MRPS25,MTIF3
MRPS26,MTIF3
MRPS27,MRPS33
MRPS27,MTIF3
MRPS28,MRPS33
MRPS28,MTIF3
MRPS30,MTIF3
MRPS31,MRPS33
MRPS31,MTIF3
MRPS33,MRPS34
MRPS33,MRPS35
MRPS33,MRPS5
MRPS33,MRPS6
MRPS33,MRPS7
MRPS33,MRPS9
MRPS33,MTIF2
MRPS33,MTIF3
MRPS33,PTCD3
MRPS33,RPL18
MRPS33,RPL6
MRPS34,MTIF3
MRPS35,MTIF3
MRPS36,MTIF3
MRPS5,MTIF3
MRPS6,MTIF3
MRPS7,MTIF3
MRPS9,MTIF3
MS4A1,POU2F2
MS4A2,POU2F2
MSH6,SP3
MSL1,MSL2
MSL1,MSL3
MSL1,MSL3P1
MSL3,PPP2CA
MSX1,POU2F2
MT-ND1,NDUFAF7
MT-ND1,PRKACB
MT-ND2,NDUFAF7
MT-ND2,PRKACB
MT-ND3,NDUFAF7
MT-ND3,PRKACB
MT-ND4,NDUFAF7
MT-ND4,PRKACB
MT-ND4L,PRKACB
MT-ND5,NDUFAF7
MT-ND5,PRKACB
MT-ND6,NDUFAF7
MT-ND6,PRKACB
MTA3,TGFB1
MTCH1,POU2F1
MTERF4,NSUN4
MTHFD2,PTEN
MTIF2,MTIF3
MTIF3,OXA1L
MTIF3,PTCD3
MTOR,RPTOR
MTREX,NCBP2
MUC2,SP3
MUC5AC,SP3
MVB12A,VPS37A
MVB12B,VPS37A
MYBBP1A,NACC1
MYC,NACC1
MYC,NFIC
MYC,NFIX
MYC,POU2F2
MYC,PPP2CA
MYC,RPS6KA5
MYC,SP3
MYC,SUPT7L
MYCN,SP3
MYD88,SRC
MYH11,MYL10
MYH11,MYL12A
MYH11,MYL12B
MYH11,MYL2
MYH11,MYL5
MYH11,MYL6
MYH11,MYL6B
MYH11,MYL7
MYH11,MYL9
MYH11,MYLK
MYH11,MYLPF
MYH11,PAK1
MYH11,PAK2
MYH11,POTEKP
MYH11,PPP1CB
MYH11,PPP1R12A
MYH11,PPP1R12B
MYH11,PXN
MYH11,RAC1
MYH11,RHOA
MYH11,RHOB
MYH11,RHOC
MYH11,ROCK1
MYH11,ROCK2
MYH11,SORBS1
MYH11,SORBS3
MYH11,TLN1
MYH11,TPM1
MYH11,TPM2
MYH11,TPM3
MYH11,TPM4
MYH11,VCL
MYL10,PXN
MYL12A,PXN
MYL12B,PXN
MYL5,PXN
MYL6,PXN
MYL6B,PXN
MYL7,PXN
MYL9,PXN
MYLK,PRKACB
MYLK2,PRKACB
MYLK3,PRKACB
MYLK4,PRKACB
MYLPF,PXN
MYO5A,RAB27B
MYRIP,RAB27B
MZB1,PPP2CA
MZT1,MZT2B
MZT1,ODF2
MZT2A,MZT2B
MZT2A,ODF2
MZT2B,NDE1
MZT2B,NEDD1
MZT2B,NEK2
MZT2B,NINL
MZT2B,NME7
MZT2B,NUMA1
MZT2B,ODF2
MZT2B,OFD1
MZT2B,PAFAH1B1
MZT2B,PCM1
MZT2B,PCNT
MZT2B,PLK1
MZT2B,PLK4
MZT2B,PPP2R1A
MZT2B,PRKACA
MZT2B,PRKAR2B
MZT2B,SDCCAG8
MZT2B,SFI1
MZT2B,SSNA1
MZT2B,TUBA1A
MZT2B,TUBA4A
MZT2B,TUBB
MZT2B,TUBB4A
MZT2B,TUBB4B
MZT2B,TUBG1
MZT2B,TUBG2
MZT2B,TUBGCP2
MZT2B,TUBGCP3
MZT2B,TUBGCP4
MZT2B,TUBGCP5
MZT2B,TUBGCP6
MZT2B,YWHAE
MZT2B,YWHAG
N4BP2L2,SP3
NABP1,NCBP2
NABP1,POU2F2
NABP1,ZNF143
NABP2,NCBP2
NABP2,POU2F2
NABP2,ZNF143
NACA,PRKACB
NACC1,NANOGP8
NACC1,PML
NACC1,SALL1
NACC1,ZBTB14
NANOG,SUPT6H
NANOG,VPS72
NARS1,PTEN
NCBP1,NCBP2
NCBP1,NUP205
NCBP1,POU2F2
NCBP1,PPP2CA
NCBP1,SLU7
NCBP1,SMG1
NCBP1,TAF5
NCBP1,ZNF143
NCBP2,NDC1
NCBP2,NELFA
NCBP2,NELFB
NCBP2,NELFCD
NCBP2,NELFE
NCBP2,NUDT21
NCBP2,NUP107
NCBP2,NUP133
NCBP2,NUP153
NCBP2,NUP155
NCBP2,NUP160
NCBP2,NUP188
NCBP2,NUP205
NCBP2,NUP210
NCBP2,NUP214
NCBP2,NUP35
NCBP2,NUP37
NCBP2,NUP42
NCBP2,NUP43
NCBP2,NUP50
NCBP2,NUP54
NCBP2,NUP58
NCBP2,NUP62
NCBP2,NUP85
NCBP2,NUP88
NCBP2,NUP93
NCBP2,NUP98
NCBP2,NXF1
NCBP2,NXF2
NCBP2,NXT1
NCBP2,PABPC1
NCBP2,PABPN1
NCBP2,PAPOLA
NCBP2,PCBP1
NCBP2,PCBP2
NCBP2,PCF11
NCBP2,PDCD7
NCBP2,PHAX
NCBP2,PHF5A
NCBP2,PLRG1
NCBP2,PNRC2
NCBP2,POLDIP3
NCBP2,POLR2A
NCBP2,POLR2B
NCBP2,POLR2C
NCBP2,POLR2D
NCBP2,POLR2E
NCBP2,POLR2F
NCBP2,POLR2G
NCBP2,POLR2H
NCBP2,POLR2I
NCBP2,POLR2J
NCBP2,POLR2K
NCBP2,POLR2L
NCBP2,POM121
NCBP2,POM121C
NCBP2,POU2F1
NCBP2,POU2F2
NCBP2,PPIE
NCBP2,PPIH
NCBP2,PPIL1
NCBP2,PPP2CA
NCBP2,PPP2R1A
NCBP2,PPP2R2A
NCBP2,PPWD1
NCBP2,PQBP1
NCBP2,PRCC
NCBP2,PRPF19
NCBP2,PRPF3
NCBP2,PRPF31
NCBP2,PRPF38A
NCBP2,PRPF4
NCBP2,PRPF40A
NCBP2,PRPF6
NCBP2,PRPF8
NCBP2,PTBP1
NCBP2,PUF60
NCBP2,RAE1
NCBP2,RAN
NCBP2,RANBP2
NCBP2,RBFOX2
NCBP2,RBM17
NCBP2,RBM19
NCBP2,RBM22
NCBP2,RBM39
NCBP2,RBM5
NCBP2,RBM8A
NCBP2,RBMX
NCBP2,RNPC3
NCBP2,RNPS1
NCBP2,RPAP2
NCBP2,RPL10
NCBP2,RPL10A
NCBP2,RPL11
NCBP2,RPL12
NCBP2,RPL13
NCBP2,RPL13A
NCBP2,RPL14
NCBP2,RPL15
NCBP2,RPL17
NCBP2,RPL18
NCBP2,RPL18A
NCBP2,RPL19
NCBP2,RPL21
NCBP2,RPL22
NCBP2,RPL23
NCBP2,RPL23A
NCBP2,RPL24
NCBP2,RPL26
NCBP2,RPL27
NCBP2,RPL27A
NCBP2,RPL28
NCBP2,RPL29
NCBP2,RPL3
NCBP2,RPL30
NCBP2,RPL31
NCBP2,RPL32
NCBP2,RPL34
NCBP2,RPL35
NCBP2,RPL35A
NCBP2,RPL36
NCBP2,RPL36A
NCBP2,RPL37
NCBP2,RPL37A
NCBP2,RPL38
NCBP2,RPL39
NCBP2,RPL4
NCBP2,RPL41
NCBP2,RPL5
NCBP2,RPL6
NCBP2,RPL7
NCBP2,RPL7A
NCBP2,RPL8
NCBP2,RPL9
NCBP2,RPLP0
NCBP2,RPLP1
NCBP2,RPLP2
NCBP2,RPRD1A
NCBP2,RPRD1B
NCBP2,RPRD2
NCBP2,RPS10
NCBP2,RPS11
NCBP2,RPS12
NCBP2,RPS13
NCBP2,RPS14
NCBP2,RPS15
NCBP2,RPS15A
NCBP2,RPS16
NCBP2,RPS17
NCBP2,RPS18
NCBP2,RPS19
NCBP2,RPS2
NCBP2,RPS20
NCBP2,RPS21
NCBP2,RPS23
NCBP2,RPS24
NCBP2,RPS25
NCBP2,RPS26
NCBP2,RPS27
NCBP2,RPS27A
NCBP2,RPS28
NCBP2,RPS29
NCBP2,RPS3
NCBP2,RPS3A
NCBP2,RPS4X
NCBP2,RPS4Y1
NCBP2,RPS5
NCBP2,RPS6
NCBP2,RPS7
NCBP2,RPS8
NCBP2,RPS9
NCBP2,RPSA
NCBP2,SARNP
NCBP2,SART1
NCBP2,SEC13
NCBP2,SEH1L
NCBP2,SF1
NCBP2,SF3A1
NCBP2,SF3A2
NCBP2,SF3A3
NCBP2,SF3B1
NCBP2,SF3B2
NCBP2,SF3B3
NCBP2,SF3B4
NCBP2,SF3B5
NCBP2,SF3B6
NCBP2,SFPQ
NCBP2,SLBP
NCBP2,SLU7
NCBP2,SMG1
NCBP2,SMG5
NCBP2,SMG6
NCBP2,SMG7
NCBP2,SMG8
NCBP2,SMG9
NCBP2,SMNDC1
NCBP2,SNAPC1
NCBP2,SNAPC2
NCBP2,SNAPC3
NCBP2,SNAPC4
NCBP2,SNAPC5
NCBP2,SNRNP200
NCBP2,SNRNP25
NCBP2,SNRNP27
NCBP2,SNRNP35
NCBP2,SNRNP40
NCBP2,SNRNP48
NCBP2,SNRNP70
NCBP2,SNRPA
NCBP2,SNRPA1
NCBP2,SNRPB
NCBP2,SNRPB2
NCBP2,SNRPC
NCBP2,SNRPD1
NCBP2,SNRPD2
NCBP2,SNRPD3
NCBP2,SNRPE
NCBP2,SNRPF
NCBP2,SNRPG
NCBP2,SNRPN
NCBP2,SNU13
NCBP2,SNW1
NCBP2,SP1
NCBP2,SRPK1
NCBP2,SRRM1
NCBP2,SRRM2
NCBP2,SRRT
NCBP2,SRSF1
NCBP2,SRSF10
NCBP2,SRSF11
NCBP2,SRSF2
NCBP2,SRSF3
NCBP2,SRSF4
NCBP2,SRSF5
NCBP2,SRSF6
NCBP2,SRSF7
NCBP2,SRSF9
NCBP2,SSB
NCBP2,SSU72
NCBP2,SUGP1
NCBP2,SUPT4H1
NCBP2,SUPT5H
NCBP2,SYF2
NCBP2,SYMPK
NCBP2,TAF11
NCBP2,TAF13
NCBP2,TAF5
NCBP2,TAF6
NCBP2,TAF8
NCBP2,TAF9
NCBP2,TBP
NCBP2,THOC1
NCBP2,THOC2
NCBP2,THOC3
NCBP2,THOC5
NCBP2,THOC6
NCBP2,THOC7
NCBP2,TIA1
NCBP2,TIAL1
NCBP2,TPR
NCBP2,TRA2A
NCBP2,TRA2B
NCBP2,TXNL4A
NCBP2,U2AF1L4
NCBP2,U2AF1L5
NCBP2,U2AF2
NCBP2,U2SURP
NCBP2,UBA52
NCBP2,UPF1
NCBP2,UPF2
NCBP2,UPF3A
NCBP2,UPF3B
NCBP2,USP39
NCBP2,WBP11
NCBP2,WBP4
NCBP2,WDR33
NCBP2,WTAP
NCBP2,XAB2
NCBP2,YBX1
NCBP2,ZC3H11A
NCBP2,ZC3H8
NCBP2,ZCRB1
NCBP2,ZMAT5
NCBP2,ZNF143
NCBP2,ZNF473
NCBP2,ZRSR2
NCF1,TGFB1
NCK1,PXN
NCK1,SRC
NCK2,PXN
NCL,POU2F2
NCOA1,SLC30A9
NCOA1,TGFB1
NCOA2,SLC30A9
NCOA2,TGFB1
NCOA3,POU2F2
NCOA3,PRKACB
NCOA3,PTEN
NCOA3,SLC30A9
NCOA3,TGFB1
NDC1,NUP205
NDC1,SLU7
NDE1,ODF2
NDFIP1,PTEN
NDUFA1,NDUFAF7
NDUFA1,PRKACB
NDUFA10,NDUFAF7
NDUFA10,PRKACB
NDUFA11,NDUFAF7
NDUFA11,PRKACB
NDUFA12,NDUFAF7
NDUFA12,PRKACB
NDUFA13,NDUFAF7
NDUFA13,PRKACB
NDUFA2,NDUFAF7
NDUFA2,PRKACB
NDUFA3,NDUFAF7
NDUFA3,PRKACB
NDUFA4,PRKACB
NDUFA4L2,PRKACB
NDUFA5,NDUFAF7
NDUFA5,PRKACB
NDUFA6,NDUFAF7
NDUFA6,PRKACB
NDUFA7,NDUFAF7
NDUFA7,PRKACB
NDUFA8,NDUFAF7
NDUFA8,PRKACB
NDUFA9,NDUFAF7
NDUFA9,PRKACB
NDUFAB1,NDUFAF7
NDUFAB1,PRKACB
NDUFAF1,NDUFAF7
NDUFAF2,NDUFAF7
NDUFAF3,NDUFAF7
NDUFAF4,NDUFAF7
NDUFAF5,NDUFAF7
NDUFAF6,NDUFAF7
NDUFAF7,NDUFB1
NDUFAF7,NDUFB10
NDUFAF7,NDUFB11
NDUFAF7,NDUFB2
NDUFAF7,NDUFB3
NDUFAF7,NDUFB4
NDUFAF7,NDUFB5
NDUFAF7,NDUFB6
NDUFAF7,NDUFB7
NDUFAF7,NDUFB8
NDUFAF7,NDUFB9
NDUFAF7,NDUFC1
NDUFAF7,NDUFC2
NDUFAF7,NDUFS1
NDUFAF7,NDUFS2
NDUFAF7,NDUFS3
NDUFAF7,NDUFS4
NDUFAF7,NDUFS5
NDUFAF7,NDUFS6
NDUFAF7,NDUFS7
NDUFAF7,NDUFS8
NDUFAF7,NDUFV1
NDUFAF7,NDUFV2
NDUFAF7,NDUFV3
NDUFAF7,TIMMDC1
NDUFAF7,TMEM126B
NDUFB1,PRKACB
NDUFB10,PRKACB
NDUFB11,PRKACB
NDUFB2,PRKACB
NDUFB3,PRKACB
NDUFB4,PRKACB
NDUFB5,PRKACB
NDUFB6,PRKACB
NDUFB7,PRKACB
NDUFB8,PRKACB
NDUFB9,PRKACB
NDUFC1,PRKACB
NDUFC2,PRKACB
NDUFC2-KCTD14,PRKACB
NDUFS1,PRKACB
NDUFS2,PRKACB
NDUFS3,PRKACB
NDUFS4,PRKACB
NDUFS5,PRKACB
NDUFS6,PRKACB
NDUFS7,PRKACB
NDUFS8,PRKACB
NDUFV1,PRKACB
NDUFV2,PRKACB
NDUFV3,PRKACB
NECAP1,TF
NEDD1,ODF2
NEDD4,PTEN
NEDD4L,TGFB1
NEDD4L,VPS37A
NEDD9,PPP2R5E
NEDD9,PXN
NEFM,NFIC
NEK2,ODF2
NEK6,NUP205
NEK7,NLRP3
NEK7,PIK3C2A
NEK9,NUP205
NELFA,SUPT6H
NELFB,SUPT6H
NELFCD,SUPT6H
NELFE,SUPT6H
NFATC1,PRKACB
NFATC2,NFATC2IP
NFATC2IP,PBX3
NFATC2IP,RNF4
NFATC2IP,SP1
NFIA,NFIC
NFIA,NFIX
NFIB,NFIC
NFIB,NFIX
NFIC,NFIX
NFIC,NOL3
NFIC,NPY
NFIC,NR3C1
NFIC,PARP1
NFIC,PCK2
NFIC,PFKFB1
NFIC,PGK1
NFIC,PIR
NFIC,PKLR
NFIC,PLAT
NFIC,POLD2
NFIC,POLE2
NFIC,POLR1C
NFIC,POLR1D
NFIC,POLR2E
NFIC,POLR2F
NFIC,POLR2H
NFIC,POLR2K
NFIC,POLR2L
NFIC,POLR3A
NFIC,POLR3B
NFIC,POLR3C
NFIC,POLR3D
NFIC,POLR3E
NFIC,POLR3F
NFIC,POLR3G
NFIC,POLR3GL
NFIC,POLR3H
NFIC,POLR3K
NFIC,PON1
NFIC,POU1F1
NFIC,POU2F1
NFIC,PXDN
NFIC,RPE65
NFIC,SCD
NFIC,SFTPB
NFIC,SFTPC
NFIC,SLC2A4
NFIC,SLC34A2
NFIC,SMUG1
NFIC,SOD1
NFIC,SP1
NFIC,SPATA2
NFIC,SSB
NFIC,STMN1
NFIC,SUZ12
NFIC,TAL1
NFIC,TF
NFIC,TFAP2A
NFIC,TFPI2
NFIC,TINAGL1
NFIC,TNNC2
NFIC,TP53
NFIC,TRIM26
NFIC,TSPOAP1
NFIC,UGT8
NFIC,UROS
NFIC,VWF
NFIC,ZBTB7A
NFIX,POLR1C
NFIX,POLR1D
NFIX,POLR2E
NFIX,POLR2F
NFIX,POLR2H
NFIX,POLR2K
NFIX,POLR2L
NFIX,POLR3A
NFIX,POLR3B
NFIX,POLR3C
NFIX,POLR3D
NFIX,POLR3E
NFIX,POLR3F
NFIX,POLR3G
NFIX,POLR3GL
NFIX,POLR3H
NFIX,POLR3K
NFIX,PRDM1
NFIX,SSB
NFIX,SUZ12
NFIX,TAL1
NFKB1,POU2F2
NFKB1,PPP2CA
NFKB1,PRKACB
NFKB1,RPS6KA5
NFKB1,TGFB1
NFKBIA,PRKACB
NFRKB,XPC
NFYA,ZNF143
NFYB,RFX1
NFYB,RPS6KA5
NFYB,ZNF143
NGB,PTEN
NGF,PRKACB
NGFR,PRKACB
NIF3L1,PCBD1
NIF3L1,TPRKB
NINL,ODF2
NKX3-1,SP3
NLN,NTS
NLRC5,NLRX1
NLRX1,OPTN
NLRX1,RNF135
NLRX1,TRAF3
NLRX1,TRAF6
NLRX1,TRIM25
NMDAR2C,PRKACB
NME1,PTEN
NME7,ODF2
NOD2,POU2F2
NOL3,SP3
NONO,SUGP2
NOP53,PTEN
NOS2,TGFB1
NOS3,SP3
NOTCH1,PPP2CA
NOTCH1,RFX1
NPHP1,ODF2
NPHP4,ODF2
NPM1,NUP205
NPM1,SP3
NPR2,SP3
NPRL2,PDK1
NR2C2AP,TGFB1
NR2F2,TGFB1
NR3C1,PPP2CA
NR3C1,PRKACB
NR3C1,RPS6KA5
NR4A1,PRKACB
NR4A1,RPS6KA5
NR4A2,PRKACB
NR5A1,PRKACB
NRAS,PPP2CA
NRAS,SPTB
NRAS,SRC
NRP1,PXN
NSD3,TGFB1
NSF,STX3
NSMCE1,SMC3
NSMCE1,SMC5
NSMCE1,STAG1
NSMCE1,SUMO1
NTRK1,PPP2CA
NTRK1,PRPS1
NTRK1,TUBB3
NUDT21,SLU7
NUMA1,ODF2
NUP107,NUP205
NUP107,SLU7
NUP133,NUP205
NUP133,SLU7
NUP133,ZNF22
NUP153,NUP205
NUP153,SLU7
NUP155,NUP205
NUP155,SLU7
NUP160,NUP205
NUP160,SLU7
NUP188,NUP205
NUP188,SLU7
NUP205,NUP210
NUP205,NUP214
NUP205,NUP35
NUP205,NUP37
NUP205,NUP42
NUP205,NUP43
NUP205,NUP50
NUP205,NUP54
NUP205,NUP58
NUP205,NUP62
NUP205,NUP85
NUP205,NUP88
NUP205,NUP93
NUP205,NUP98
NUP205,NXF1
NUP205,NXF2
NUP205,NXT1
NUP205,PHAX
NUP205,PIAS3
NUP205,PML
NUP205,POLDIP3
NUP205,POM121
NUP205,POM121C
NUP205,PSIP1
NUP205,RAE1
NUP205,RAN
NUP205,RANBP2
NUP205,RANGAP1
NUP205,RBM8A
NUP205,RNPS1
NUP205,SARNP
NUP205,SEC13
NUP205,SEH1L
NUP205,SLBP
NUP205,SLU7
NUP205,SMN1
NUP205,SNRPB
NUP205,SNRPD1
NUP205,SNRPD2
NUP205,SNRPD3
NUP205,SNRPE
NUP205,SNRPF
NUP205,SNRPG
NUP205,SNUPN
NUP205,SP100
NUP205,SRRM1
NUP205,SRSF1
NUP205,SRSF11
NUP205,SRSF2
NUP205,SRSF3
NUP205,SRSF4
NUP205,SRSF5
NUP205,SRSF6
NUP205,SRSF7
NUP205,SRSF9
NUP205,SUMO1
NUP205,SUMO2
NUP205,SUMO3
NUP205,SYMPK
NUP205,THOC1
NUP205,THOC2
NUP205,THOC3
NUP205,THOC5
NUP205,THOC6
NUP205,THOC7
NUP205,TOP2A
NUP205,TPR
NUP205,U2AF1L4
NUP205,U2AF1L5
NUP205,U2AF2
NUP205,UBE2I
NUP205,UPF3B
NUP205,WDR33
NUP205,XPO1
NUP205,XPOT
NUP205,ZC3H11A
NUP210,SLU7
NUP214,SLU7
NUP35,SLU7
NUP37,SLU7
NUP42,SLU7
NUP43,SLU7
NUP50,SLU7
NUP54,SLU7
NUP58,SLU7
NUP62,SLU7
NUP85,SLU7
NUP88,SLU7
NUP93,SLU7
NUP98,SLU7
NXF1,SLU7
NXF2,SLU7
NXT1,SLU7
OBSCN,RAC1
OBSCN,RAC2
OBSCN,RAC3
OBSCN,RHOA
OBSCN,RHOB
OBSCN,RHOBTB1
OBSCN,RHOBTB2
OBSCN,RHOC
OBSCN,RHOD
OBSCN,RHOF
OBSCN,RHOG
OBSCN,RHOH
OBSCN,RHOJ
OBSCN,RHOQ
OBSCN,RHOT1
OBSCN,RHOT2
OBSCN,RHOU
OBSCN,RHOV
OBSCN,TTN
OCLN,PPP2CA
OCRL,PTEN
OCRL,TF
ODF2,OFD1
ODF2,PAFAH1B1
ODF2,PCM1
ODF2,PCNT
ODF2,PLK1
ODF2,PLK4
ODF2,PPP2R1A
ODF2,PRKACA
ODF2,PRKAR2B
ODF2,RAB11A
ODF2,RAB3IP
ODF2,RAB8A
ODF2,RPGRIP1L
ODF2,SCLT1
ODF2,SDCCAG8
ODF2,SEPTIN2
ODF2,SFI1
ODF2,SSNA1
ODF2,TCTN1
ODF2,TCTN2
ODF2,TCTN3
ODF2,TMEM216
ODF2,TMEM67
ODF2,TPX2
ODF2,TTBK2
ODF2,TUBA1A
ODF2,TUBA4A
ODF2,TUBB
ODF2,TUBB4A
ODF2,TUBB4B
ODF2,TUBG1
ODF2,TUBG2
ODF2,TUBGCP2
ODF2,TUBGCP3
ODF2,TUBGCP4
ODF2,TUBGCP5
ODF2,TUBGCP6
ODF2,YWHAE
ODF2,YWHAG
OLFR 17-210,PRKACB
OMA1,OPA1
OMA1,TPP1
OPRM1,SP3
OR10A2,PRKACB
OR10A3,PRKACB
OR10A4,PRKACB
OR10A5,PRKACB
OR10A6,PRKACB
OR10A7,PRKACB
OR10AD1,PRKACB
OR10AG1,PRKACB
OR10C1,PRKACB
OR10G3,PRKACB
OR10G4,PRKACB
OR10G7,PRKACB
OR10G8,PRKACB
OR10G9,PRKACB
OR10H1,PRKACB
OR10H2,PRKACB
OR10H3,PRKACB
OR10H4,PRKACB
OR10H5,PRKACB
OR10J1,PRKACB
OR10J3,PRKACB
OR10J5,PRKACB
OR10K1,PRKACB
OR10K2,PRKACB
OR10P1,PRKACB
OR10Q1,PRKACB
OR10R2,PRKACB
OR10S1,PRKACB
OR10T2,PRKACB
OR10V1,PRKACB
OR10W1,PRKACB
OR10X1,PRKACB
OR10Z1,PRKACB
OR11A1,PRKACB
OR11G2,PRKACB
OR11H1,PRKACB
OR11H12,PRKACB
OR11H2,PRKACB
OR11H4,PRKACB
OR11H6,PRKACB
OR11H7,PRKACB
OR11L1,PRKACB
OR12D2,PRKACB
OR12D3,PRKACB
OR13A1,PRKACB
OR13C2,PRKACB
OR13C3,PRKACB
OR13C4,PRKACB
OR13C5,PRKACB
OR13C8,PRKACB
OR13C9,PRKACB
OR13D1,PRKACB
OR13F1,PRKACB
OR13G1,PRKACB
OR13H1,PRKACB
OR13J1,PRKACB
OR14A16,PRKACB
OR14C36,PRKACB
OR14I1,PRKACB
OR14J1,PRKACB
OR1A1,PRKACB
OR1A2,PRKACB
OR1B1,PRKACB
OR1C1,PRKACB
OR1D2,PRKACB
OR1D5,PRKACB
OR1E1,PRKACB
OR1E2,PRKACB
OR1F1,PRKACB
OR1G1,PRKACB
OR1I1,PRKACB
OR1J1,PRKACB
OR1J2,PRKACB
OR1J4,PRKACB
OR1K1,PRKACB
OR1L1,PRKACB
OR1L3,PRKACB
OR1L4,PRKACB
OR1L6,PRKACB
OR1L8,PRKACB
OR1M1,PRKACB
OR1N1,PRKACB
OR1N2,PRKACB
OR1Q1,PRKACB
OR1S1,PRKACB
OR1S2,PRKACB
OR2A1,PRKACB
OR2A12,PRKACB
OR2A14,PRKACB
OR2A2,PRKACB
OR2A25,PRKACB
OR2A4,PRKACB
OR2A5,PRKACB
OR2A7,PRKACB
OR2AE1,PRKACB
OR2AG1,PRKACB
OR2AG2,PRKACB
OR2AK2,PRKACB
OR2AP1,PRKACB
OR2AT4,PRKACB
OR2B11,PRKACB
OR2B2,PRKACB
OR2B3,PRKACB
OR2B6,PRKACB
OR2C1,PRKACB
OR2C3,PRKACB
OR2D2,PRKACB
OR2D3,PRKACB
OR2F1,PRKACB
OR2F2,PRKACB
OR2G2,PRKACB
OR2G3,PRKACB
OR2G6,PRKACB
OR2H1,PRKACB
OR2H2,PRKACB
OR2J1,PRKACB
OR2J2,PRKACB
OR2J3,PRKACB
OR2K2,PRKACB
OR2L13,PRKACB
OR2L2,PRKACB
OR2L3,PRKACB
OR2L5,PRKACB
OR2L8,PRKACB
OR2M2,PRKACB
OR2M3,PRKACB
OR2M4,PRKACB
OR2M5,PRKACB
OR2M7,PRKACB
OR2S2,PRKACB
OR2T1,PRKACB
OR2T10,PRKACB
OR2T11,PRKACB
OR2T12,PRKACB
OR2T2,PRKACB
OR2T27,PRKACB
OR2T29,PRKACB
OR2T3,PRKACB
OR2T33,PRKACB
OR2T34,PRKACB
OR2T35,PRKACB
OR2T4,PRKACB
OR2T5,PRKACB
OR2T6,PRKACB
OR2T8,PRKACB
OR2V1,PRKACB
OR2V2,PRKACB
OR2W1,PRKACB
OR2W3,PRKACB
OR2W5,PRKACB
OR2Y1,PRKACB
OR2Z1,PRKACB
OR3A1,PRKACB
OR3A2,PRKACB
OR3A3,PRKACB
OR4A15,PRKACB
OR4A16,PRKACB
OR4A47,PRKACB
OR4A5,PRKACB
OR4B1,PRKACB
OR4C11,PRKACB
OR4C12,PRKACB
OR4C13,PRKACB
OR4C15,PRKACB
OR4C16,PRKACB
OR4C3,PRKACB
OR4C46,PRKACB
OR4C5,PRKACB
OR4C6,PRKACB
OR4D1,PRKACB
OR4D10,PRKACB
OR4D11,PRKACB
OR4D2,PRKACB
OR4D5,PRKACB
OR4D6,PRKACB
OR4D9,PRKACB
OR4E1,PRKACB
OR4E2,PRKACB
OR4F15,PRKACB
OR4F17,PRKACB
OR4F21,PRKACB
OR4F3,PRKACB
OR4F4,PRKACB
OR4F5,PRKACB
OR4F6,PRKACB
OR4K1,PRKACB
OR4K13,PRKACB
OR4K14,PRKACB
OR4K15,PRKACB
OR4K17,PRKACB
OR4K2,PRKACB
OR4K5,PRKACB
OR4L1,PRKACB
OR4M1,PRKACB
OR4M2,PRKACB
OR4N2,PRKACB
OR4N4,PRKACB
OR4N5,PRKACB
OR4P4,PRKACB
OR4Q3,PRKACB
OR4S1,PRKACB
OR4S2,PRKACB
OR4X1,PRKACB
OR4X2,PRKACB
OR51A2,PRKACB
OR51A4,PRKACB
OR51A7,PRKACB
OR51B2,PRKACB
OR51B4,PRKACB
OR51B5,PRKACB
OR51B6,PRKACB
OR51D1,PRKACB
OR51E1,PRKACB
OR51E2,PRKACB
OR51F1,PRKACB
OR51F2,PRKACB
OR51G1,PRKACB
OR51G2,PRKACB
OR51H1,PRKACB
OR51I1,PRKACB
OR51I2,PRKACB
OR51J1,PRKACB
OR51L1,PRKACB
OR51M1,PRKACB
OR51Q1,PRKACB
OR51S1,PRKACB
OR51T1,PRKACB
OR51V1,PRKACB
OR52A1,PRKACB
OR52A5,PRKACB
OR52B2,PRKACB
OR52B4,PRKACB
OR52B6,PRKACB
OR52D1,PRKACB
OR52E1,PRKACB
OR52E2,PRKACB
OR52E4,PRKACB
OR52E6,PRKACB
OR52E8,PRKACB
OR52H1,PRKACB
OR52I1,PRKACB
OR52I2,PRKACB
OR52J3,PRKACB
OR52K1,PRKACB
OR52K2,PRKACB
OR52L1,PRKACB
OR52M1,PRKACB
OR52N1,PRKACB
OR52N2,PRKACB
OR52N4,PRKACB
OR52N5,PRKACB
OR52R1,PRKACB
OR52W1,PRKACB
OR52Z1,PRKACB
OR56A1,PRKACB
OR56A3,PRKACB
OR56A4,PRKACB
OR56A5,PRKACB
OR56B1,PRKACB
OR56B4,PRKACB
OR5A1,PRKACB
OR5A2,PRKACB
OR5AC2,PRKACB
OR5AK2,PRKACB
OR5AN1,PRKACB
OR5AP2,PRKACB
OR5AR1,PRKACB
OR5AS1,PRKACB
OR5AU1,PRKACB
OR5B12,PRKACB
OR5B17,PRKACB
OR5B2,PRKACB
OR5B21,PRKACB
OR5B3,PRKACB
OR5C1,PRKACB
OR5D13,PRKACB
OR5D14,PRKACB
OR5D16,PRKACB
OR5D18,PRKACB
OR5F1,PRKACB
OR5H1,PRKACB
OR5H14,PRKACB
OR5H15,PRKACB
OR5H2,PRKACB
OR5H6,PRKACB
OR5I1,PRKACB
OR5J2,PRKACB
OR5K1,PRKACB
OR5K2,PRKACB
OR5K3,PRKACB
OR5K4,PRKACB
OR5L1,PRKACB
OR5L2,PRKACB
OR5M1,PRKACB
OR5M10,PRKACB
OR5M11,PRKACB
OR5M3,PRKACB
OR5M8,PRKACB
OR5M9,PRKACB
OR5P2,PRKACB
OR5P3,PRKACB
OR5R1,PRKACB
OR5T1,PRKACB
OR5T2,PRKACB
OR5T3,PRKACB
OR5V1,PRKACB
OR5W2,PRKACB
OR6A2,PRKACB
OR6B1,PRKACB
OR6B2,PRKACB
OR6B3,PRKACB
OR6C1,PRKACB
OR6C2,PRKACB
OR6C3,PRKACB
OR6C4,PRKACB
OR6C6,PRKACB
OR6C65,PRKACB
OR6C68,PRKACB
OR6C70,PRKACB
OR6C74,PRKACB
OR6C75,PRKACB
OR6C76,PRKACB
OR6F1,PRKACB
OR6K2,PRKACB
OR6K3,PRKACB
OR6K6,PRKACB
OR6M1,PRKACB
OR6N1,PRKACB
OR6N2,PRKACB
OR6P1,PRKACB
OR6Q1,PRKACB
OR6S1,PRKACB
OR6T1,PRKACB
OR6V1,PRKACB
OR6X1,PRKACB
OR6Y1,PRKACB
OR7A10,PRKACB
OR7A17,PRKACB
OR7A5,PRKACB
OR7C1,PRKACB
OR7C2,PRKACB
OR7D2,PRKACB
OR7D4,PRKACB
OR7E24,PRKACB
OR7G1,PRKACB
OR7G2,PRKACB
OR7G3,PRKACB
OR8A1,PRKACB
OR8B12,PRKACB
OR8B2,PRKACB
OR8B3,PRKACB
OR8B4,PRKACB
OR8B8,PRKACB
OR8D1,PRKACB
OR8D2,PRKACB
OR8D4,PRKACB
OR8G1,PRKACB
OR8G2P,PRKACB
OR8G5,PRKACB
OR8H1,PRKACB
OR8H2,PRKACB
OR8H3,PRKACB
OR8I2,PRKACB
OR8J1,PRKACB
OR8J3,PRKACB
OR8K1,PRKACB
OR8K3,PRKACB
OR8K5,PRKACB
OR8S1,PRKACB
OR8U1,PRKACB
OR8U9,PRKACB
OR9A2,PRKACB
OR9A4,PRKACB
OR9G1,PRKACB
OR9G4,PRKACB
OR9I1,PRKACB
OR9K2,PRKACB
OR9Q1,PRKACB
OR9Q2,PRKACB
ORAI1,PRKACA
ORAI1,PRKACB
ORAI1,STIM1
ORC1,ORC3
ORC1,ORC5
ORC1L,ORC3
ORC1L,ORC5
ORC2,ORC3
ORC2,ORC5
ORC3,ORC4
ORC3,ORC4L
ORC3,ORC5
ORC3,ORC5L
ORC3,ORC6
ORC3,POLA1
ORC3,POLA2
ORC3,POLE
ORC3,POLE2
ORC3,POLE3
ORC3,POLE4
ORC3,PRIM1
ORC3,PRIM2
ORC3,RPA1
ORC3,RPA2
ORC3,RPA3
ORC3,RPA4
ORC3L,ORC5
ORC4,ORC5
ORC4L,ORC5
ORC5,ORC6
ORC5,POLA1
ORC5,POLA2
ORC5,POLE
ORC5,POLE2
ORC5,POLE3
ORC5,POLE4
ORC5,PRIM1
ORC5,PRIM2
ORC5,RPA1
ORC5,RPA2
ORC5,RPA3
ORC5,RPA4
OSBPL8,SP3
OSGEP,TPRKB
OTUD3,PTEN
OTUD4,REL
PABPC1,PPP2CA
PABPC1,SMG1
PABPN1,SLU7
PACSIN2,TF
PAF1,SUPT6H
PAFAH1B1,PRKACB
PAK1,PXN
PAK2,SRC
PAPOLA,SLU7
PAPOLA,SP3
PARD3,PDK1
PARD3,PTEN
PARD3,TGFB1
PARD6A,PDK1
PARD6A,PTEN
PARD6A,TGFB1
PARD6B,PDK1
PARD6B,PTEN
PARD6G,PDK1
PARD6G,PTEN
PARK2,UBE2L6
PARK7,PTEN
PARK7,VPS37A
PARP1,POLG2
PARP1,XPC
PARVA,PXN
PARVB,PXN
PARVG,PXN
PASK,PHKB
PAX5,POU2F2
PAX8,PRKACB
PBX1,PRKACB
PBX3,POU2F2
PBX3,ZNF143
PBXIP1,SRC
PCBD1,PCBD2
PCBD1,SMARCA2
PCBP1,SLU7
PCBP2,SLU7
PCF11,POU2F2
PCF11,SLU7
PCF11,TAF5
PCF11,ZNF143
PCGF2,PHC3
PCNA,UBE2L6
PCNA,XPC
PCNT,VPS37A
PDC,PRKACB
PDCD10,PPP2CA
PDCD4,SP3
PDCD6IP,VPS37A
PDE10A,PRKACB
PDE3A,PRKACB
PDE3B,PRKACB
PDE4A,PRKACB
PDE4B,PRKACB
PDE4C,PRKACB
PDE4D,PRKACB
PDGFB,PTEN
PDGFB,SP3
PDGFRA,PTEN
PDGFRB,PTEN
PDHA1,PDK1
PDHA1,PDK2
PDHA2,PDK1
PDHA2,PDK2
PDHB,PDK1
PDHB,PDK2
PDHX,PDK1
PDHX,PDK2
PDK1,PDK2
PDK1,PDK3
PDK1,PDK4
PDK1,PIK3CA
PDK1,PIK3CA VARIANT PROTEIN
PDK1,PIK3CB
PDK1,PIK3CD
PDK1,PIK3R1
PDK1,PIK3R2
PDK1,PIK3R3
PDK1,PKN2
PDK1,PPARD
PDK1,PRKCZ
PDK1,RPS6KB1
PDK1,RXRA
PDK1,SGK3
PDK1,SRC
PDK1,YWHAQ
PDK2,PDK3
PDK2,PDK4
PDK2,PIK3R2
PDK2,PPARD
PDK2,PRKCA
PDK2,PRKCB
PDK2,RPS6KB1
PDK2,RXRA
PDK2,SGK1
PDK2,USF1
PDLIM2,TGFB1
PDPK1,PTEN
PDX1,PRKACB
PEBP1,PPP2CA
PEBP1,PPP2R5E
PEX11B,PEX3
PEX12,PEX3
PEX13,PEX3
PEX14,PEX3
PEX16,PEX3
PEX19,PEX3
PEX2,PEX3
PEX26,PEX3
PEX3,PXMP2
PEX3,PXMP4
PEX3,SLC25A17
PFDN1,PPP2CA
PFDN1,TUBB3
PFDN2,TUBB3
PFDN4,TUBB3
PFDN5,TUBB3
PFDN6,TUBB3
PFKFB1,PRKACB
PFKP,SP3
PFN1,TGFB1
PGGT1B,RABGGTA
PGR,PRKACB
PHAX,POU2F2
PHAX,TAF5
PHAX,ZNF143
PHC1,PHC3
PHC2,PHC3
PHC3,RING1
PHC3,RNF2
PHC3,RYBP
PHC3,SCMH1
PHC3,SUMO1
PHC3,SUMO2
PHC3,SUMO3
PHC3,UBE2I
PHF21A,SP3
PHF5A,SLU7
PHKA1,PHKB
PHKA1,PRKACB
PHKA2,PHKB
PHKA2,PRKACB
PHKB,PHKG1
PHKB,PHKG2
PHKB,PPP1CA
PHKB,PPP1CB
PHKB,PPP1CC
PHKB,PPP1R3A
PHKB,PPP1R3B
PHKB,PPP1R3C
PHKB,PPP1R3D
PHKB,PPP1R3E
PHKB,PPP1R3F
PHKB,PRKACA
PHKB,PRKACB
PHKB,PRKACG
PHKB,PYGB
PHKB,PYGL
PHKB,PYGM
PHKG1,PRKACB
PHKG2,PRKACB
PI4K2A,PTEN
PI4K2B,PTEN
PI4KA,PTEN
PI4KB,PTEN
PIAS1,SP3
PIH1D1,RPTOR
PIK3C2A,PTEN
PIK3C2A,TF
PIK3C2B,PTEN
PIK3C2B VARIANT PROTEIN,PTEN
PIK3C2G,PTEN
PIK3C3,PTEN
PIK3CA,PTEN
PIK3CA,PXN
PIK3CA VARIANT PROTEIN,PTEN
PIK3CB,PTEN
PIK3CD,PTEN
PIK3CG,PTEN
PIK3R1,PTEN
PIK3R1,PXN
PIK3R2,PTEN
PIK3R3,PTEN
PIK4CA VARIANT PROTEIN,PTEN
PIKFYVE,PTEN
PIM1,PPP2CA
PIN1,PPP2CA
PINK1,PTEN
PIP4K2A,PTEN
PIP4K2B,PTEN
PIP4K2C,PTEN
PIP4P1,PTEN
PIP4P2,PTEN
PIP5K1A,PTEN
PIP5K1B,PTEN
PIP5K1C,PTEN
PJA2,UBE2L6
PKIA,PRKACB
PKM,PRKACB
PLA2G10,TUBB3
PLA2R1,TGFB1
PLAGL2,VEZF1
PLAU,SERPINA1
PLCB1,PTEN
PLCB2,PTEN
PLCB3,PTEN
PLCB4,PTEN
PLCD1,PTEN
PLCD3,PTEN
PLCD4,PTEN
PLCE1,PTEN
PLCG1,PTEN
PLCG1,UBE2L6
PLCG1 VARIANT PROTEIN,PTEN
PLCG2,PTEN
PLCG2,SRC
PLCZ1,PTEN
PLEKHA1,PTEN
PLG,TGFB1
PLIN1,PRKACB
PLIN2,VPS37A
PLIN3,VPS37A
PLK1,PPP2CA
PLK1,PTEN
PLK1,TUBB3
PLK3,PTEN
PLN,PRKACB
PLRG1,SLU7
PML,PTEN
PNRC2,PPP2CA
PNRC2,SMG1
POLDIP3,SLU7
POLG,POLG2
POLG2,RPS3
POLG2,SMARCB1
POLG2,SP1
POLH,UBE2L6
POLI,UBE2L6
POLK,UBE2L6
POLR1C,ZNF143
POLR1D,ZNF143
POLR2,SUPT6H
POLR2A,POU2F2
POLR2A,SLU7
POLR2A,SUPT6H
POLR2A,TAF5
POLR2A,ZNF143
POLR2B,POU2F2
POLR2B,SLU7
POLR2B,SUPT6H
POLR2B,TAF5
POLR2B,ZNF143
POLR2C,POU2F2
POLR2C,SLU7
POLR2C,SUPT6H
POLR2C,TAF5
POLR2C,ZNF143
POLR2D,POU2F2
POLR2D,SLU7
POLR2D,SUPT6H
POLR2D,ZNF143
POLR2E,POU2F2
POLR2E,SLU7
POLR2E,SUPT6H
POLR2E,TAF5
POLR2E,ZNF143
POLR2F,POU2F2
POLR2F,SLU7
POLR2F,SUPT6H
POLR2F,ZNF143
POLR2G,POU2F2
POLR2G,SLU7
POLR2G,SUPT6H
POLR2G,TAF5
POLR2G,ZNF143
POLR2H,POU2F2
POLR2H,SLU7
POLR2H,SUPT6H
POLR2H,TAF5
POLR2H,ZNF143
POLR2I,POU2F2
POLR2I,SLU7
POLR2I,SUPT6H
POLR2I,ZNF143
POLR2J,POU2F2
POLR2J,SLU7
POLR2J,SUPT6H
POLR2J,ZNF143
POLR2K,POU2F2
POLR2K,SLU7
POLR2K,SUPT6H
POLR2K,ZNF143
POLR2L,POU2F2
POLR2L,SLU7
POLR2L,SUPT6H
POLR2L,TAF5
POLR2L,ZNF143
POLR3A,ZNF143
POLR3B,ZNF143
POLR3C,ZNF143
POLR3D,ZNF143
POLR3E,ZNF143
POLR3F,ZNF143
POLR3G,ZNF143
POLR3GL,ZNF143
POLR3H,ZNF143
POLR3K,ZNF143
POM121,SLU7
POM121C,SLU7
POTEKP,PXN
POU2AF1,POU2F2
POU2F1,ZNF143
POU2F2,POU4F1
POU2F2,PRRC2A
POU2F2,PTPN6
POU2F2,RELA
POU2F2,RPAP2
POU2F2,RPRD1A
POU2F2,RPRD1B
POU2F2,RPRD2
POU2F2,RUNX3
POU2F2,SNAPC1
POU2F2,SNAPC2
POU2F2,SNAPC3
POU2F2,SNAPC4
POU2F2,SNAPC5
POU2F2,SP1
POU2F2,SPI1
POU2F2,SPIB
POU2F2,SPN
POU2F2,SPP1
POU2F2,SRRT
POU2F2,SSU72
POU2F2,STAT1
POU2F2,STAT3
POU2F2,SUPT4H1
POU2F2,SUPT5H
POU2F2,TAF11
POU2F2,TAF13
POU2F2,TAF5
POU2F2,TAF6
POU2F2,TAF8
POU2F2,TAF9
POU2F2,TBP
POU2F2,TCF12
POU2F2,TET2
POU2F2,TFF1
POU2F2,TYMP
POU2F2,UBC
POU2F2,USF2
POU2F2,VIP
POU2F2,WWOX
POU2F2,YAP1
POU2F2,ZBTB32
POU2F2,ZC3H8
POU2F2,ZEB1
POU2F2,ZMIZ2
POU2F2,ZNF143
POU2F2,ZNF750
POU5F1,SP3
POU6F2,VEZF1
PPARA,PRKACB
PPARA,TGFB1
PPARG,TGFB1
PPARGC1A,TGFB1
PPAT,PPP2CA
PPAT,PRPS1
PPFIA1,PPP2R5E
PPFIA3,PPP2CA
PPIA,VPS37A
PPIE,SLU7
PPIG,SLU7
PPIL1,SLU7
PPIL2,TAF1
PPIL3,SLU7
PPM1B,UBE2L6
PPP1CA,PPP2R5E
PPP1CA,PTEN
PPP1CA,TGFB1
PPP1CB,TGFB1
PPP1CC,TGFB1
PPP1R12A,SP3
PPP1R15A,TGFB1
PPP1R17,PPP2CA
PPP1R1A,PPP2CA
PPP1R1A,PPP2R5E
PPP1R1A,PRKACB
PPP1R1B,PRKACB
PPP2CA,PPP2CB
PPP2CA,PPP2R1A
PPP2CA,PPP2R1B
PPP2CA,PPP2R2A
PPP2CA,PPP2R2B
PPP2CA,PPP2R2C
PPP2CA,PPP2R3A
PPP2CA,PPP2R3B
PPP2CA,PPP2R5A
PPP2CA,PPP2R5B
PPP2CA,PPP2R5C
PPP2CA,PPP2R5D
PPP2CA,PPP2R5E
PPP2CA,PPP3CB
PPP2CA,PPP4C
PPP2CA,PPP4R1
PPP2CA,PPP4R1L
PPP2CA,PPP5C
PPP2CA,PPP6C
PPP2CA,PRKAR1A
PPP2CA,PRKCA
PPP2CA,PRKCB
PPP2CA,PRKCD
PPP2CA,PRKCG
PPP2CA,PRKCI
PPP2CA,PRKCZ
PPP2CA,PSMC6
PPP2CA,PTBP1
PPP2CA,PTBP3
PPP2CA,PTPA
PPP2CA,PTPN11
PPP2CA,RAF1
PPP2CA,RB1
PPP2CA,RBM20
PPP2CA,RBM8A
PPP2CA,REC8
PPP2CA,RELA
PPP2CA,RHOA
PPP2CA,RHOB
PPP2CA,RNPS1
PPP2CA,RP9
PPP2CA,RPA1
PPP2CA,RPL10
PPP2CA,RPL10A
PPP2CA,RPL11
PPP2CA,RPL12
PPP2CA,RPL13
PPP2CA,RPL13A
PPP2CA,RPL14
PPP2CA,RPL15
PPP2CA,RPL17
PPP2CA,RPL18
PPP2CA,RPL18A
PPP2CA,RPL19
PPP2CA,RPL21
PPP2CA,RPL22
PPP2CA,RPL23
PPP2CA,RPL23A
PPP2CA,RPL24
PPP2CA,RPL26
PPP2CA,RPL27
PPP2CA,RPL27A
PPP2CA,RPL28
PPP2CA,RPL29
PPP2CA,RPL3
PPP2CA,RPL30
PPP2CA,RPL31
PPP2CA,RPL32
PPP2CA,RPL34
PPP2CA,RPL35
PPP2CA,RPL35A
PPP2CA,RPL36
PPP2CA,RPL36A
PPP2CA,RPL37
PPP2CA,RPL37A
PPP2CA,RPL38
PPP2CA,RPL39
PPP2CA,RPL4
PPP2CA,RPL41
PPP2CA,RPL5
PPP2CA,RPL6
PPP2CA,RPL7
PPP2CA,RPL7A
PPP2CA,RPL8
PPP2CA,RPL9
PPP2CA,RPLP0
PPP2CA,RPLP1
PPP2CA,RPLP2
PPP2CA,RPS10
PPP2CA,RPS11
PPP2CA,RPS12
PPP2CA,RPS13
PPP2CA,RPS14
PPP2CA,RPS15
PPP2CA,RPS15A
PPP2CA,RPS16
PPP2CA,RPS17
PPP2CA,RPS18
PPP2CA,RPS19
PPP2CA,RPS2
PPP2CA,RPS20
PPP2CA,RPS21
PPP2CA,RPS23
PPP2CA,RPS24
PPP2CA,RPS25
PPP2CA,RPS26
PPP2CA,RPS27
PPP2CA,RPS27A
PPP2CA,RPS28
PPP2CA,RPS29
PPP2CA,RPS3
PPP2CA,RPS3A
PPP2CA,RPS4X
PPP2CA,RPS4Y1
PPP2CA,RPS5
PPP2CA,RPS6
PPP2CA,RPS6KB1
PPP2CA,RPS6KB2
PPP2CA,RPS7
PPP2CA,RPS8
PPP2CA,RPS9
PPP2CA,RPSA
PPP2CA,RYR2
PPP2CA,SAG
PPP2CA,SFN
PPP2CA,SGO1
PPP2CA,SIAH1
PPP2CA,SIAH2
PPP2CA,SMG1
PPP2CA,SMG5
PPP2CA,SMG6
PPP2CA,SMG7
PPP2CA,SMG8
PPP2CA,SMG9
PPP2CA,SOD1
PPP2CA,SPRY2
PPP2CA,SRC
PPP2CA,STAG2
PPP2CA,STAT1
PPP2CA,STAT2
PPP2CA,STK3
PPP2CA,STRN
PPP2CA,TBL1X
PPP2CA,TBL1XR1
PPP2CA,TBL1Y
PPP2CA,TCP1
PPP2CA,TGFBR1
PPP2CA,TGFBR2
PPP2CA,TGFBRAP1
PPP2CA,TIPRL
PPP2CA,TNNI3
PPP2CA,TP53
PPP2CA,TSC2
PPP2CA,UBA52
PPP2CA,UBE2A
PPP2CA,UBE2D2
PPP2CA,ULK1
PPP2CA,ULK2
PPP2CA,UNC5A
PPP2CA,UNC5B
PPP2CA,UNC5C
PPP2CA,UNC5D
PPP2CA,UPF1
PPP2CA,UPF2
PPP2CA,UPF3A
PPP2CA,UPF3B
PPP2CA,VCP
PPP2CA,WWTR1
PPP2CA,YAP1
PPP2CA,YWHAB
PPP2CA,YWHAE
PPP2CA,YWHAG
PPP2CA,YWHAH
PPP2CA,YWHAQ
PPP2CA,YWHAZ
PPP2CA,ZNF114
PPP2CA,ZNF160
PPP2CA,ZNF331
PPP2CA,ZNF517
PPP2CA,ZNF550
PPP2CA,ZNF611
PPP2CA,ZNF764
PPP2CA,ZNF785
PPP2CB,PPP2R5E
PPP2CB,SMG1
PPP2R1A,PPP2R5E
PPP2R1A,SMG1
PPP2R1A,SRC
PPP2R1B,PPP2R5E
PPP2R1B,SMG1
PPP2R2A,SMG1
PPP2R2A,TGFBRAP1
PPP2R2B,SMG1
PPP2R2C,SMG1
PPP2R2D,SMG1
PPP2R3A,SMG1
PPP2R3B,SMG1
PPP2R3C,SMG1
PPP2R5A,PPP2R5E
PPP2R5A,SMG1
PPP2R5B,PPP2R5E
PPP2R5B,SMG1
PPP2R5C,PPP2R5E
PPP2R5C,SMG1
PPP2R5D,PPP2R5E
PPP2R5D,SMG1
PPP2R5E,PPP4R1
PPP2R5E,PPP4R1L
PPP2R5E,RAF1
PPP2R5E,REC8
PPP2R5E,RYR2
PPP2R5E,SAG
PPP2R5E,SGO1
PPP2R5E,SIAH1
PPP2R5E,SIAH2
PPP2R5E,SMG1
PPP2R5E,SMG5
PPP2R5E,SMG6
PPP2R5E,STK3
PPP2R5E,TBL1X
PPP2R5E,TBL1XR1
PPP2R5E,TBL1Y
PPP2R5E,TNNI3
PPP2R5E,YWHAB
PPP2R5E,YWHAE
PPP2R5E,YWHAG
PPP2R5E,YWHAH
PPP2R5E,YWHAQ
PPP2R5E,YWHAZ
PPP4C,PRKACB
PPP4R3A,PRKACB
PPP4R3B,PRKACB
PPWD1,SLU7
PQBP1,SLU7
PRCC,SLU7
PREX1,PTEN
PREX2,PTEN
PRKAA1,PRKACB
PRKAA1,RPTOR
PRKAA2,PRKACB
PRKAB1,PRKACB
PRKAB1,RPTOR
PRKAB2,PRKACB
PRKACA,PRKACB
PRKACA,PXN
PRKACA,RPS6KA5
PRKACA,TGFB1
PRKACB,PRKAG1
PRKACB,PRKAG2
PRKACB,PRKAG3
PRKACB,PRKAR1A
PRKACB,PRKAR1B
PRKACB,PRKAR2A
PRKACB,PRKAR2B
PRKACB,PRKCA
PRKACB,PRKCB
PRKACB,PRKCG
PRKACB,PSEN1
PRKACB,PTK2
PRKACB,PXN
PRKACB,RAB13
PRKACB,RAF1
PRKACB,RAP1A
PRKACB,RAP1B
PRKACB,RAP1GAP2
PRKACB,RAPGEF3
PRKACB,RAPGEF4
PRKACB,RASD1
PRKACB,RASGRF1
PRKACB,RASGRF2
PRKACB,RCAN1
PRKACB,RELA
PRKACB,RHOA
PRKACB,ROBO2
PRKACB,RPS6KA5
PRKACB,RPS6KB1
PRKACB,RPS6KB2
PRKACB,RUNX2
PRKACB,RYR2
PRKACB,SCN1A
PRKACB,SCN1B
PRKACB,SCN4B
PRKACB,SCN5A
PRKACB,SCN7A
PRKACB,SFN
PRKACB,SIK2
PRKACB,SLC12A2
PRKACB,SLC8A1
PRKACB,SLC8A2
PRKACB,SLC8A3
PRKACB,SLC9A1
PRKACB,SLC9A3R1
PRKACB,SMEK1
PRKACB,SMO
PRKACB,SOX9
PRKACB,SP1
PRKACB,STAR
PRKACB,SUFU
PRKACB,TNNI3
PRKACB,TP73
PRKACB,TRPM8
PRKACB,TRPV1
PRKACB,TRPV4
PRKACB,TRPV5
PRKACB,TTF1
PRKACB,TTF2
PRKACB,ULK1
PRKACB,ULK2
PRKACB,VAMP2
PRKACB,VASP
PRKACB,YWHAZ
PRKACG,RPS6KA5
PRKAG1,RPTOR
PRKAR1A,PXN
PRKAR1B,PXN
PRKCA,PXN
PRKCB,PXN
PRKCG,PXN
PRKCI,PTEN
PRKCI,SMG1
PRKCZ,PTEN
PRKCZ,TGFB1
PRKN,UBE2L6
PROC,SERPINA1
PRPF19,SLU7
PRPF3,SLU7
PRPF6,SLU7
PRPF8,SLU7
PRPS1,PRPS1L1
PRPS1,PRPS2
PRPS1,PRPSAP1
PRPS1,PRPSAP2
PRPS1,YWHAE
PRSS1,SERPINA1
PRSS2,SERPINA1
PRTN3,SERPINA1
PSG1,TGFB1
PSMA1,PTEN
PSMA2,PTEN
PSMA3,PTEN
PSMA4,PTEN
PSMA4,TGFBRAP1
PSMA5,PTEN
PSMA6,PTEN
PSMA7,PTEN
PSMA8,PTEN
PSMB1,PTEN
PSMB10,PTEN
PSMB11,PTEN
PSMB2,PTEN
PSMB3,PTEN
PSMB4,PTEN
PSMB5,PTEN
PSMB6,PTEN
PSMB7,PTEN
PSMB8,PTEN
PSMB9,PTEN
PSMC1,PTEN
PSMC2,PTEN
PSMC3,PTEN
PSMC4,PTEN
PSMC5,PTEN
PSMC6,PTEN
PSMD1,PTEN
PSMD10,PTEN
PSMD11,PTEN
PSMD12,PTEN
PSMD13,PTEN
PSMD14,PTEN
PSMD2,PTEN
PSMD3,PTEN
PSMD4,PTEN
PSMD5,PTEN
PSMD6,PTEN
PSMD7,PTEN
PSMD8,PTEN
PSMD9,PTEN
PSME1,PTEN
PSME2,PTEN
PSME3,PTEN
PSME4,PTEN
PSMF1,PTEN
PTBP1,SLU7
PTEN,PTK2
PTEN,PTPN14
PTEN,PXN
PTEN,RANBP1
PTEN,RB1CC1
PTEN,RCC2
PTEN,RHOA
PTEN,RNF146
PTEN,ROCK1
PTEN,ROCK2
PTEN,RPL23
PTEN,RPS15A
PTEN,RPS27A
PTEN,RPS3
PTEN,RPS3A
PTEN,RPS4X
PTEN,RPS6
PTEN,RPS7
PTEN,RPS9
PTEN,S100A8
PTEN,S100A9
PTEN,SACM1L
PTEN,SDC4
PTEN,SEM1
PTEN,SETX
PTEN,SHC1
PTEN,SLC25A5
PTEN,SLC9A3R1
PTEN,SLC9A3R2
PTEN,STK11
PTEN,STM7
PTEN,STUB1
PTEN,SYNJ1
PTEN,SYNJ2
PTEN,TAF1
PTEN,TAL1
PTEN,TCP1
PTEN,TNKS
PTEN,TNKS2
PTEN,TP53
PTEN,TP63
PTEN,TP73
PTEN,TPT1
PTEN,TRIM27
PTEN,UBA52
PTEN,UBB
PTEN,UBC
PTEN,UBE2I
PTEN,UBE3A
PTEN,USP13
PTEN,USP7
PTEN,VAV1
PTEN,WNT4
PTEN,WWP1
PTEN,WWP2
PTEN,XIAP
PTEN,YWHAG
PTEN,YWHAZ
PTEN,ZEB1
PTK2,PXN
PTK2B,PXN
PTK6,PXN
PTP4A2,RABGGTA
PTPN11,PXN
PTPN11,SRC
PTPN12,PXN
PTPRK,PXN
PTPRT,PXN
PUF60,SLU7
PUM2,SP3
PXN,RAC1
PXN,RAP1B
PXN,RET
PXN,RGS1
PXN,RHOA
PXN,RPS6KB1
PXN,SDC4
PXN,SHB
PXN,SORBS1
PXN,SORBS3
PXN,SRC
PXN,TGFA
PXN,TLN1
PXN,TNC
PXN,TPM1
PXN,TPM2
PXN,TPM3
PXN,TPM4
PXN,TRIP6
PXN,VCAM1
PXN,VCL
PXN,VEGFA
PXN,YES1
PXN,YWHAZ
PYGB,TGFBRAP1
PYGL,TGFBRAP1
RAB11A,RABGGTA
RAB11B,RABGGTA
RAB13,RABGGTA
RAB1A,RABGGTA
RAB1A,SERPINA1
RAB1A,STX3
RAB1B,RABGGTA
RAB1B,SPTB
RAB27A,RAB27B
RAB27B,RPH3A
RAB27B,RPH3AL
RAB27B,SYTL2
RAB27B,SYTL4
RAB27B,SYTL5
RAB27B,UNC13D
RAB2A,RABGGTA
RAB35,TBC1D10B
RAB35,TBC1D10C
RAB37,RIMS1
RAB38,RABGGTA
RAB3A,RABGGTA
RAB5A,RABGGTA
RAB5A,TF
RAB7A,TUBB3
RAB7B,TUBB3
RAB8A,RABGGTA
RABGGTA,RABGGTB
RAC2,SRC
RAD23A,XPC
RAD23B,XPC
RAD51D,XPC
RAE1,SLU7
RAE1,TAF5
RAI1,RPS6KA5
RALB,SRC
RANBP2,SLU7
RAP1A,SRC
RAP1B,SRC
RARA,RPS6KA5
RARA,TGFB1
RB1,SP3
RBBP4,SP3
RBM17,SLU7
RBM22,SLU7
RBM39,SP3
RBM5,SLU7
RBM8A,SLU7
RBM8A,SMG1
RBMX,SLU7
RBMXL1,SFPQ
RBX1,SAE1
RBX1,UBE2L6
RBX1,XPC
RELA,RPS6KA5
RELA,TGFB1
REPS1,TF
REST,SP3
REV1,UBE2L6
RFC1,UBE2L6
RFC1,XPC
RFC2,UBE2L6
RFC3,UBE2L6
RFC4,UBE2L6
RFC5,UBE2L6
RFX1,RFX2
RFX1,RFX3
RFX1,RFX4
RFX1,RFX5
RFX1,RFX6
RFX1,RFX7
RFX1,RFX8
RFX1,SP1
RFX1,SP2
RFX1,TADA3
RFX1,TAL1
RHOA,SRC
RHOA,TGFB1
RILP,TUBB3
RIN3,SRC
RIN3,TYMP
RNASE1,VPS37A
RNASE2,SPI1
RNF111,XPC
RNF125,UBE2L6
RNF14,UBE2L6
RNF144A,UBE2L6
RNF144B,UBE2L6
RNF150,UBE2L6
RNF19B,UBE2L6
RNF25,UBE2L6
RNF40,UBE2L6
RNMT,SP3
RNPS1,SLU7
RNPS1,SMG1
ROCK2,SRC
RPA1,UBE2L6
RPA2,UBE2L6
RPA3,UBE2L6
RPAP2,ZNF143
RPF1,RPL14
RPF1,RPL18A
RPF1,RPL7
RPF1,RPL7L1
RPF1,RPP30
RPF1,RRP1
RPF1,XPO1
RPL10,SMG1
RPL10A,SMG1
RPL11,SMG1
RPL12,SMG1
RPL13,SMG1
RPL13A,SMG1
RPL14,SMG1
RPL15,SMG1
RPL15,TGFBRAP1
RPL17,SMG1
RPL18,SMG1
RPL18A,SMG1
RPL19,SMG1
RPL21,SMG1
RPL22,SMG1
RPL23,SMG1
RPL23A,SMG1
RPL24,SMG1
RPL26,SMG1
RPL27,SMG1
RPL27A,SMG1
RPL28,SMG1
RPL29,SMG1
RPL3,SMG1
RPL30,SMG1
RPL31,SMG1
RPL32,SMG1
RPL34,SMG1
RPL35,SMG1
RPL35A,SMG1
RPL36,SMG1
RPL36A,SMG1
RPL37,SMG1
RPL37A,SMG1
RPL38,SMG1
RPL39,SMG1
RPL4,SMG1
RPL41,SMG1
RPL5,SMG1
RPL6,SMG1
RPL7,SMG1
RPL7A,SMG1
RPL8,SMG1
RPL9,SMG1
RPLP0,SMG1
RPLP1,SMG1
RPLP2,SMG1
RPRD1A,TAF5
RPRD1A,ZNF143
RPRD1B,TAF5
RPRD1B,ZNF143
RPRD2,TAF5
RPRD2,ZNF143
RPS10,SMG1
RPS11,SMG1
RPS12,SMG1
RPS13,SMG1
RPS14,SMG1
RPS15,SMG1
RPS15A,SMG1
RPS16,SMG1
RPS17,SMG1
RPS18,SMG1
RPS19,RPS19BP1
RPS19,SMG1
RPS2,SMG1
RPS20,SMG1
RPS21,SMG1
RPS23,SMG1
RPS24,SMG1
RPS25,SMG1
RPS26,SMG1
RPS27,SMG1
RPS27A,SMG1
RPS27A,TGFB1
RPS27A,UBE2L6
RPS27A,VPS37A
RPS27A,XPC
RPS28,SMG1
RPS29,SMG1
RPS3,SMG1
RPS3A,SMG1
RPS4X,SMG1
RPS4X,TGFBRAP1
RPS4Y1,SMG1
RPS4Y1,TGFBRAP1
RPS5,SMG1
RPS6,SMG1
RPS6KA5,SH3GL2
RPS6KA5,SMARCB1
RPS6KA5,YWHAB
RPS6KA5,YWHAE
RPS6KA5,YWHAQ
RPS6KA5,YWHAZ
RPS6KB1,RPTOR
RPS7,SMG1
RPS7,TGFBRAP1
RPS8,SMG1
RPS9,SMG1
RPSA,SMG1
RPTOR,RRAGC
RPTOR,SEH1L
RPTOR,TELO2
RPTOR,XPO1
RPTOR,YWHAB
RPTOR,YWHAE
RPTOR,YWHAG
RPTOR,YWHAH
RPTOR,YWHAZ
RRAS,SRC
RTF1,SUPT6H
RTN4,SRC
RUNX3,TGFB1
RUVBL1,VPS72
RUVBL1,XPC
RUVBL2,VPS72
RWDD3,SAE1
RXRA,TGFB1
SAE1,SKP1
SAE1,SUMO1
SAE1,SUMO2
SAE1,SUMO3
SAE1,UBA2
SAE1,UBE2D1
SAE1,UBE2I
SALL4,ZNF143
SAP130,SUPT7L
SAR1B,SERPINA1
SARNP,SLU7
SCFD1,SERPINA1
SCFD1,STX3
SCGB3A1,TGFB1
SCRT1,ZNF22
SCRT2,ZNF22
SDC1,TGFB1
SDC2,TGFB1
SDHA,SDHC
SDHB,SDHC
SDHC,SDHD
SDHC,TRAP1
SEC13,SERPINA1
SEC13,SLU7
SEC16A,SERPINA1
SEC16B,SERPINA1
SEC22B,SERPINA1
SEC22B,STX3
SEC23A,SERPINA1
SEC23B,TMED1
SEC23IP,SERPINA1
SEC24A,SERPINA1
SEC24A,STX3
SEC24B,SERPINA1
SEC24B,STX3
SEC24C,SERPINA1
SEC24D,SERPINA1
SEC24D,STX3
SEC31A,SERPINA1
SEH1L,SLU7
SEPTIN1,UBE2L6
SEPTIN2,UBE2L6
SEPTIN4,UBE2L6
SEPTIN5,UBE2L6
SERPINA1,SP1
SERPINA1,STAT3
SERPINA1,STX5
SERPINA1,TFG
SERPINA1,TRAPPC1
SERPINA1,TRAPPC10
SERPINA1,TRAPPC2B
SERPINA1,TRAPPC2L
SERPINA1,TRAPPC3
SERPINA1,TRAPPC4
SERPINA1,TRAPPC5
SERPINA1,TRAPPC6A
SERPINA1,TRAPPC6B
SERPINA1,TRAPPC9
SERPINA1,USO1
SERPINA1,VKORC1
SET,SUPT6H
SF3A1,SLU7
SF3A2,SLU7
SF3A3,SLU7
SF3B1,SLU7
SF3B1,SP3
SF3B2,SLU7
SF3B3,SLU7
SF3B3,TAF5
SF3B4,SLU7
SF3B5,SLU7
SF3B6,SLU7
SFPQ,SP3
SGA56M,SMG1
SGF29,SUPT7L
SGIP1,TF
SH3GL1,SRC
SH3GL2,TF
SHC1,SRC
SIAH1,UBE2L6
SIAH2,UBE2L6
SIN3A,ZNF143
SIPA1,TGFB1
SLC11A2,TF
SLC1A3,SP3
SLC30A9,SPDEF
SLC44A1,SP1
SLC9A3,SP3
SLTM,SP3
SLU7,SMNDC1
SLU7,SNRNP200
SLU7,SNRNP40
SLU7,SNRPA1
SLU7,SNRPB
SLU7,SNRPB2
SLU7,SNRPD1
SLU7,SNRPD2
SLU7,SNRPD3
SLU7,SNRPE
SLU7,SNRPF
SLU7,SNRPG
SLU7,SNRPN
SLU7,SNU13
SLU7,SNW1
SLU7,SRRM1
SLU7,SRRM2
SLU7,SRRT
SLU7,SRSF1
SLU7,SRSF11
SLU7,SRSF2
SLU7,SRSF3
SLU7,SRSF4
SLU7,SRSF5
SLU7,SRSF6
SLU7,SRSF7
SLU7,SRSF9
SLU7,SUGP1
SLU7,SYF2
SLU7,SYMPK
SLU7,THOC1
SLU7,THOC2
SLU7,THOC3
SLU7,THOC5
SLU7,THOC6
SLU7,THOC7
SLU7,TPR
SLU7,TRA2B
SLU7,TXNL4A
SLU7,U2AF1L4
SLU7,U2AF1L5
SLU7,U2AF2
SLU7,U2SURP
SLU7,UPF3B
SLU7,WBP11
SLU7,WDR33
SLU7,XAB2
SLU7,YBX1
SLU7,ZC3H11A
SMAD1,TGFB1
SMAD2,TGFB1
SMAD3,SP3
SMAD3,TF
SMAD3,TGFB1
SMAD4,SP3
SMAD4,TGFB1
SMAD5,TGFB1
SMAD6,TGFB1
SMAD7,TGFB1
SMAD9,TGFB1
SMARCE1,SRC
SMC3,SYNE1
SMG1,SMG5
SMG1,SMG6
SMG1,SMG7
SMG1,SMG8
SMG1,SMG9
SMG1,TAF1
SMG1,UBA52
SMG1,UPF1
SMG1,UPF2
SMG1,UPF3A
SMG1,UPF3B
SMURF1,TGFB1
SMURF2,TGFB1
SNAI1,TGFB1
SNAP23,STX3
SNAP29,STX3
SNAPC1,ZNF143
SNAPC2,ZNF143
SNAPC3,ZNF143
SNAPC4,ZNF143
SNAPC5,ZNF143
SNCA,UBE2L6
SNCAIP,UBE2L6
SNF8,VPS37A
SNX17,SRC
SNX9,TF
SOS1,SPTB
SOS1,SRC
SOX13,VEZF1
SP1,SP3
SP1,SRC
SP1,TAF5
SP1,TGFB1
SP1,ZNF143
SP2,ZNF143
SP3,SRSF11
SP3,STAG2
SP3,SUB1
SP3,SUMO1
SP3,SUMO2
SP3,SUZ12
SP3,TBP
SP3,TFAP4
SP3,TGFB1
SP3,TGFBR2
SP3,TGM4
SP3,TIA1
SP3,TIMP2
SP3,TNC
SP3,TNF
SP3,TNNI3
SP3,TNPO1
SP3,TOP2B
SP3,TP53
SP3,UBE2I
SP3,USF1
SP3,UTRN
SP3,XPO1
SP3,YY1
SP3,ZBTB1
SP3,ZNF146
SP3,ZNF3
SP3,ZNF638
SP4,VEZF1
SPTA1,SPTB
SPTA1,SRC
SPTAN1,SPTB
SPTAN1,SRC
SPTB,TMED3
SPTB,TMED9
SPTB,USO1
SPTB,YKT6
SPTBN1,SRC
SRC,STAT1
SRC,STAT3
SRC,STAT5A
SRC,STAT6
SRC,STUB1
SRC,TBK1
SRC,TGFB1
SRC,TRAF6
SRC,VAV3
SRC,VCL
SRC,VTN
SRC,YWHAB
SRC,YWHAE
SRC,YWHAH
SRCAP,VPS72
SREBF1,TF
SREBF1,TGFB1
SREBF2,TGFB1
SRRT,TAF5
SRRT,ZNF143
SRY,ZNF22
SSRP1,SUPT6H
SSU72,TAF5
SSU72,ZNF143
ST14,TGFB1
STAG1,SYNE1
STAM,VPS37A
STAM2,VPS37A
STAT1,TGFB1
STAT1,TYMP
STAT1,UBE2L6
STAT4,TGFB1
STEAP3,TP53
STRAP,TGFB1
STRIP1,STRN
STRIP1,STRN3
STRIP1,STRN4
STS,SUMF1
STX12,STX3
STX16-NPEPL1,STX3
STX18,STX3
STX3,STX7
STX3,STXBP2
STX3,TXLNA
STX3,VAMP2
STX3,VAMP8
STX3,VPS11
STX3,VPS18
STX3,VPS53
STX3,VTI1B
STX3,YKT6
STX3,YWHAH
SUGP2,U2AF2
SUMF1,SUMF2
SUMO1,UBE2L6
SUMO1,XPC
SUMO2,XPC
SUMO3,XPC
SUN1,SYNE1
SUN2,SYNE1
SUPT16H,SUPT6H
SUPT20H,SUPT7L
SUPT3H,SUPT7L
SUPT4H1,SUPT6H
SUPT4H1,ZNF143
SUPT5H,SUPT6H
SUPT5H,TAF5
SUPT5H,ZNF143
SUPT6H,TCEA1
SUPT6H,WDR61
SUPT7L,TADA1
SUPT7L,TADA2B
SUPT7L,TADA3
SUPT7L,TAF10
SUPT7L,TAF12
SUPT7L,TAF5L
SUPT7L,TAF6L
SUPT7L,TAF9
SUPT7L,TRRAP
SUPT7L,USP22
SYNJ1,TF
SYNJ2,TF
TAF1,ZNF143
TAF11,ZNF143
TAF13,ZNF143
TAF15,TAF5
TAF5,ZNF143
TAF6,ZNF143
TAF8,ZNF143
TAF9,ZNF143
TAL1,TF
TBCA,TUBB3
TBCC,TUBB3
TBCD,TUBB3
TBCE,TUBB3
TBP,ZNF143
TBX21,TGFB1
TCP1,TUBB3
TF,TFR2
TF,TFRC
TF,TRIP10
TF,WASL
TFCP2L1,VPS72
TFCP2L1,ZNF143
TFPT,XPC
TGFB1,TGFBR1
TGFB1,TGFBR2
TGFB1,TGFBR3
TGFB1,THBS1
TGFB1,THRAP3
TGFB1,TLR2
TGFB1,TNF
TGFB1,TP73
TGFB1,TYROBP
TGFB1,UBA52
TGFB1,UBB
TGFB1,UBC
TGFB1,UCHL5
TGFB1,USF1
TGFB1,USF2
TGFB1,USP15
TGFB1,WFIKKN2
TGFB1,WNT1
TGFB1,WNT10B
TGFB1,WT1
TGFB1,ZBTB7A
TGFB1,ZFHX3
TGFB1,ZFYVE9
TGFB1,ZNF263
TGFB1,ZNF467
TGFB1,ZNF638
TGFBRAP1,VPS11
TGFBRAP1,VPS16
TGFBRAP1,VPS18
TGFBRAP1,VPS41
TH,UBE2L6
TMED1,TMED10
TMED1,TMED9
TMED1,TPTE
TNFAIP8,TUBB3
TOP2A,VEZF1
TOPORS,UBE2L6
TP53,XPC
TP53RK,TPRKB
TRAF7,UBE2L6
TRIM25,UBE2L6
TRIM62,UBE2L6
TRIM8,UBE2L6
TRMT6,TRMT61A
TRRAP,VPS72
TSG101,VPS37A
TUBA1A,TUBB3
TUBA1B,TUBB3
TUBA1C,TUBB3
TUBA3D,TUBB3
TUBA3E,TUBB3
TUBA4A,TUBB3
TUBA4B,TUBB3
TUBA8,TUBB3
TUBAL3,TUBB3
TUBB,TUBB3
TUBB1,TUBB3
TUBB2A,TUBB3
TUBB2B,TUBB3
TUBB3,TUBB4A
TUBB3,TUBB4B
TUBB3,VBP1
TUBB3,WNT16
TUBB3,WNT7A
UBA1,UBE2L6
UBA52,UBE2L6
UBA52,VPS37A
UBA52,XPC
UBA7,UBE2L6
UBAP1,VPS37A
UBB,UBE2L6
UBB,VPS37A
UBB,XPC
UBC,UBE2L6
UBC,VPS37A
UBC,XPC
UBD,UBE2L6
UBE2E1,UBE2L6
UBE2I,XPC
UBE2L6,UBE2N
UBE2L6,UBE3A
UBE2L6,XIAP
UBE2N,XPC
UBE2V2,XPC
UEVLD,VPS37A
VPS25,VPS37A
VPS28,VPS37A
VPS36,VPS37A
VPS37A,VPS4A
VPS37A,VPS4B
VPS37A,VTA1
VPS72,YEATS4
XPA,XPC
XPC,XRCC5
XPC,XRCC6
XPC,YY1
YY1,ZNF143
ZC3H8,ZNF143
ZNF2,ZNF22
ZNF22,ZNF624
